file_path,label_id
train/train_0.wav,5
train/train_1.wav,6
train/train_2.wav,6
train/train_3.wav,6
train/train_4.wav,5
train/train_5.wav,3
train/train_6.wav,5
train/train_7.wav,5
train/train_8.wav,2
train/train_9.wav,1
train/train_10.wav,1
train/train_11.wav,5
train/train_12.wav,6
train/train_13.wav,1
train/train_14.wav,0
train/train_15.wav,4
train/train_16.wav,1
train/train_17.wav,4
train/train_18.wav,2
train/train_19.wav,3
train/train_20.wav,2
train/train_21.wav,4
train/train_22.wav,6
train/train_23.wav,1
train/train_24.wav,2
train/train_25.wav,6
train/train_26.wav,5
train/train_27.wav,2
train/train_28.wav,4
train/train_29.wav,2
train/train_30.wav,5
train/train_31.wav,0
train/train_32.wav,2
train/train_33.wav,2
train/train_34.wav,0
train/train_35.wav,4
train/train_36.wav,5
train/train_37.wav,2
train/train_38.wav,3
train/train_39.wav,5
train/train_40.wav,0
train/train_41.wav,5
train/train_42.wav,3
train/train_43.wav,3
train/train_44.wav,0
train/train_45.wav,6
train/train_46.wav,4
train/train_47.wav,2
train/train_48.wav,6
train/train_49.wav,0
train/train_50.wav,6
train/train_51.wav,5
train/train_52.wav,0
train/train_53.wav,1
train/train_54.wav,6
train/train_55.wav,0
train/train_56.wav,1
train/train_57.wav,5
train/train_58.wav,1
train/train_59.wav,2
train/train_60.wav,2
train/train_61.wav,2
train/train_62.wav,2
train/train_63.wav,3
train/train_64.wav,2
train/train_65.wav,5
train/train_66.wav,0
train/train_67.wav,6
train/train_68.wav,6
train/train_69.wav,6
train/train_70.wav,1
train/train_71.wav,0
train/train_72.wav,5
train/train_73.wav,5
train/train_74.wav,6
train/train_75.wav,5
train/train_76.wav,3
train/train_77.wav,6
train/train_78.wav,6
train/train_79.wav,3
train/train_80.wav,3
train/train_81.wav,0
train/train_82.wav,5
train/train_83.wav,3
train/train_84.wav,0
train/train_85.wav,2
train/train_86.wav,4
train/train_87.wav,2
train/train_88.wav,2
train/train_89.wav,0
train/train_90.wav,0
train/train_91.wav,0
train/train_92.wav,4
train/train_93.wav,2
train/train_94.wav,5
train/train_95.wav,2
train/train_96.wav,0
train/train_97.wav,6
train/train_98.wav,5
train/train_99.wav,6
train/train_100.wav,4
train/train_101.wav,6
train/train_102.wav,3
train/train_103.wav,1
train/train_104.wav,6
train/train_105.wav,5
train/train_106.wav,4
train/train_107.wav,1
train/train_108.wav,1
train/train_109.wav,4
train/train_110.wav,5
train/train_111.wav,4
train/train_112.wav,1
train/train_113.wav,0
train/train_114.wav,0
train/train_115.wav,3
train/train_116.wav,5
train/train_117.wav,2
train/train_118.wav,0
train/train_119.wav,0
train/train_120.wav,1
train/train_121.wav,1
train/train_122.wav,0
train/train_123.wav,3
train/train_124.wav,6
train/train_125.wav,1
train/train_126.wav,1
train/train_127.wav,0
train/train_128.wav,4
train/train_129.wav,5
train/train_130.wav,1
train/train_131.wav,1
train/train_132.wav,1
train/train_133.wav,3
train/train_134.wav,6
train/train_135.wav,3
train/train_136.wav,3
train/train_137.wav,0
train/train_138.wav,6
train/train_139.wav,2
train/train_140.wav,4
train/train_141.wav,4
train/train_142.wav,2
train/train_143.wav,5
train/train_144.wav,6
train/train_145.wav,6
train/train_146.wav,5
train/train_147.wav,1
train/train_148.wav,0
train/train_149.wav,4
train/train_150.wav,3
train/train_151.wav,3
train/train_152.wav,0
train/train_153.wav,1
train/train_154.wav,1
train/train_155.wav,0
train/train_156.wav,6
train/train_157.wav,4
train/train_158.wav,4
train/train_159.wav,1
train/train_160.wav,2
train/train_161.wav,5
train/train_162.wav,6
train/train_163.wav,3
train/train_164.wav,4
train/train_165.wav,2
train/train_166.wav,0
train/train_167.wav,0
train/train_168.wav,1
train/train_169.wav,3
train/train_170.wav,4
train/train_171.wav,2
train/train_172.wav,5
train/train_173.wav,0
train/train_174.wav,3
train/train_175.wav,2
train/train_176.wav,3
train/train_177.wav,1
train/train_178.wav,4
train/train_179.wav,4
train/train_180.wav,3
train/train_181.wav,6
train/train_182.wav,3
train/train_183.wav,3
train/train_184.wav,2
train/train_185.wav,3
train/train_186.wav,2
train/train_187.wav,3
train/train_188.wav,0
train/train_189.wav,3
train/train_190.wav,3
train/train_191.wav,2
train/train_192.wav,6
train/train_193.wav,0
train/train_194.wav,3
train/train_195.wav,4
train/train_196.wav,3
train/train_197.wav,2
train/train_198.wav,4
train/train_199.wav,6
train/train_200.wav,1
train/train_201.wav,5
train/train_202.wav,1
train/train_203.wav,2
train/train_204.wav,6
train/train_205.wav,2
train/train_206.wav,2
train/train_207.wav,1
train/train_208.wav,6
train/train_209.wav,3
train/train_210.wav,6
train/train_211.wav,4
train/train_212.wav,4
train/train_213.wav,5
train/train_214.wav,2
train/train_215.wav,4
train/train_216.wav,2
train/train_217.wav,2
train/train_218.wav,1
train/train_219.wav,6
train/train_220.wav,2
train/train_221.wav,0
train/train_222.wav,5
train/train_223.wav,3
train/train_224.wav,2
train/train_225.wav,4
train/train_226.wav,3
train/train_227.wav,0
train/train_228.wav,5
train/train_229.wav,5
train/train_230.wav,0
train/train_231.wav,1
train/train_232.wav,2
train/train_233.wav,2
train/train_234.wav,2
train/train_235.wav,2
train/train_236.wav,2
train/train_237.wav,0
train/train_238.wav,0
train/train_239.wav,5
train/train_240.wav,2
train/train_241.wav,1
train/train_242.wav,2
train/train_243.wav,4
train/train_244.wav,0
train/train_245.wav,0
train/train_246.wav,4
train/train_247.wav,5
train/train_248.wav,3
train/train_249.wav,3
train/train_250.wav,0
train/train_251.wav,0
train/train_252.wav,0
train/train_253.wav,5
train/train_254.wav,6
train/train_255.wav,2
train/train_256.wav,2
train/train_257.wav,1
train/train_258.wav,2
train/train_259.wav,4
train/train_260.wav,4
train/train_261.wav,2
train/train_262.wav,4
train/train_263.wav,1
train/train_264.wav,4
train/train_265.wav,5
train/train_266.wav,2
train/train_267.wav,1
train/train_268.wav,4
train/train_269.wav,5
train/train_270.wav,5
train/train_271.wav,4
train/train_272.wav,5
train/train_273.wav,4
train/train_274.wav,3
train/train_275.wav,0
train/train_276.wav,2
train/train_277.wav,4
train/train_278.wav,4
train/train_279.wav,0
train/train_280.wav,6
train/train_281.wav,6
train/train_282.wav,4
train/train_283.wav,6
train/train_284.wav,2
train/train_285.wav,6
train/train_286.wav,1
train/train_287.wav,5
train/train_288.wav,5
train/train_289.wav,4
train/train_290.wav,0
train/train_291.wav,0
train/train_292.wav,1
train/train_293.wav,4
train/train_294.wav,1
train/train_295.wav,0
train/train_296.wav,4
train/train_297.wav,0
train/train_298.wav,5
train/train_299.wav,2
train/train_300.wav,3
train/train_301.wav,3
train/train_302.wav,4
train/train_303.wav,4
train/train_304.wav,4
train/train_305.wav,5
train/train_306.wav,5
train/train_307.wav,1
train/train_308.wav,4
train/train_309.wav,4
train/train_310.wav,2
train/train_311.wav,2
train/train_312.wav,2
train/train_313.wav,4
train/train_314.wav,5
train/train_315.wav,4
train/train_316.wav,1
train/train_317.wav,6
train/train_318.wav,4
train/train_319.wav,3
train/train_320.wav,4
train/train_321.wav,5
train/train_322.wav,2
train/train_323.wav,3
train/train_324.wav,0
train/train_325.wav,3
train/train_326.wav,5
train/train_327.wav,1
train/train_328.wav,6
train/train_329.wav,6
train/train_330.wav,5
train/train_331.wav,5
train/train_332.wav,6
train/train_333.wav,2
train/train_334.wav,6
train/train_335.wav,6
train/train_336.wav,5
train/train_337.wav,0
train/train_338.wav,6
train/train_339.wav,3
train/train_340.wav,0
train/train_341.wav,6
train/train_342.wav,6
train/train_343.wav,3
train/train_344.wav,1
train/train_345.wav,6
train/train_346.wav,3
train/train_347.wav,2
train/train_348.wav,1
train/train_349.wav,2
train/train_350.wav,2
train/train_351.wav,1
train/train_352.wav,4
train/train_353.wav,0
train/train_354.wav,1
train/train_355.wav,5
train/train_356.wav,1
train/train_357.wav,6
train/train_358.wav,5
train/train_359.wav,4
train/train_360.wav,5
train/train_361.wav,4
train/train_362.wav,5
train/train_363.wav,4
train/train_364.wav,2
train/train_365.wav,5
train/train_366.wav,3
train/train_367.wav,3
train/train_368.wav,6
train/train_369.wav,4
train/train_370.wav,5
train/train_371.wav,5
train/train_372.wav,1
train/train_373.wav,6
train/train_374.wav,4
train/train_375.wav,4
train/train_376.wav,6
train/train_377.wav,4
train/train_378.wav,1
train/train_379.wav,1
train/train_380.wav,3
train/train_381.wav,0
train/train_382.wav,1
train/train_383.wav,2
train/train_384.wav,6
train/train_385.wav,0
train/train_386.wav,0
train/train_387.wav,4
train/train_388.wav,4
train/train_389.wav,0
train/train_390.wav,6
train/train_391.wav,3
train/train_392.wav,1
train/train_393.wav,5
train/train_394.wav,6
train/train_395.wav,5
train/train_396.wav,4
train/train_397.wav,3
train/train_398.wav,1
train/train_399.wav,0
train/train_400.wav,0
train/train_401.wav,1
train/train_402.wav,3
train/train_403.wav,6
train/train_404.wav,0
train/train_405.wav,2
train/train_406.wav,1
train/train_407.wav,0
train/train_408.wav,1
train/train_409.wav,2
train/train_410.wav,0
train/train_411.wav,6
train/train_412.wav,1
train/train_413.wav,4
train/train_414.wav,1
train/train_415.wav,5
train/train_416.wav,4
train/train_417.wav,2
train/train_418.wav,0
train/train_419.wav,1
train/train_420.wav,2
train/train_421.wav,2
train/train_422.wav,1
train/train_423.wav,5
train/train_424.wav,3
train/train_425.wav,2
train/train_426.wav,4
train/train_427.wav,3
train/train_428.wav,4
train/train_429.wav,4
train/train_430.wav,4
train/train_431.wav,0
train/train_432.wav,5
train/train_433.wav,3
train/train_434.wav,2
train/train_435.wav,4
train/train_436.wav,2
train/train_437.wav,0
train/train_438.wav,6
train/train_439.wav,0
train/train_440.wav,2
train/train_441.wav,5
train/train_442.wav,2
train/train_443.wav,5
train/train_444.wav,4
train/train_445.wav,6
train/train_446.wav,5
train/train_447.wav,6
train/train_448.wav,2
train/train_449.wav,0
train/train_450.wav,1
train/train_451.wav,4
train/train_452.wav,6
train/train_453.wav,0
train/train_454.wav,1
train/train_455.wav,2
train/train_456.wav,6
train/train_457.wav,2
train/train_458.wav,0
train/train_459.wav,3
train/train_460.wav,3
train/train_461.wav,6
train/train_462.wav,4
train/train_463.wav,5
train/train_464.wav,5
train/train_465.wav,4
train/train_466.wav,5
train/train_467.wav,4
train/train_468.wav,1
train/train_469.wav,0
train/train_470.wav,1
train/train_471.wav,3
train/train_472.wav,1
train/train_473.wav,6
train/train_474.wav,5
train/train_475.wav,1
train/train_476.wav,6
train/train_477.wav,2
train/train_478.wav,2
train/train_479.wav,4
train/train_480.wav,2
train/train_481.wav,4
train/train_482.wav,4
train/train_483.wav,1
train/train_484.wav,4
train/train_485.wav,0
train/train_486.wav,0
train/train_487.wav,3
train/train_488.wav,3
train/train_489.wav,3
train/train_490.wav,4
train/train_491.wav,5
train/train_492.wav,1
train/train_493.wav,5
train/train_494.wav,5
train/train_495.wav,2
train/train_496.wav,1
train/train_497.wav,4
train/train_498.wav,4
train/train_499.wav,3
train/train_500.wav,5
train/train_501.wav,4
train/train_502.wav,3
train/train_503.wav,1
train/train_504.wav,2
train/train_505.wav,5
train/train_506.wav,6
train/train_507.wav,4
train/train_508.wav,4
train/train_509.wav,5
train/train_510.wav,1
train/train_511.wav,3
train/train_512.wav,3
train/train_513.wav,6
train/train_514.wav,5
train/train_515.wav,1
train/train_516.wav,3
train/train_517.wav,4
train/train_518.wav,2
train/train_519.wav,4
train/train_520.wav,5
train/train_521.wav,2
train/train_522.wav,2
train/train_523.wav,0
train/train_524.wav,5
train/train_525.wav,5
train/train_526.wav,2
train/train_527.wav,0
train/train_528.wav,0
train/train_529.wav,6
train/train_530.wav,2
train/train_531.wav,2
train/train_532.wav,5
train/train_533.wav,2
train/train_534.wav,1
train/train_535.wav,4
train/train_536.wav,4
train/train_537.wav,6
train/train_538.wav,6
train/train_539.wav,6
train/train_540.wav,3
train/train_541.wav,4
train/train_542.wav,2
train/train_543.wav,2
train/train_544.wav,3
train/train_545.wav,3
train/train_546.wav,1
train/train_547.wav,1
train/train_548.wav,1
train/train_549.wav,5
train/train_550.wav,3
train/train_551.wav,5
train/train_552.wav,6
train/train_553.wav,0
train/train_554.wav,4
train/train_555.wav,1
train/train_556.wav,5
train/train_557.wav,0
train/train_558.wav,5
train/train_559.wav,6
train/train_560.wav,2
train/train_561.wav,6
train/train_562.wav,1
train/train_563.wav,3
train/train_564.wav,1
train/train_565.wav,3
train/train_566.wav,6
train/train_567.wav,1
train/train_568.wav,6
train/train_569.wav,2
train/train_570.wav,3
train/train_571.wav,6
train/train_572.wav,2
train/train_573.wav,3
train/train_574.wav,5
train/train_575.wav,6
train/train_576.wav,6
train/train_577.wav,2
train/train_578.wav,0
train/train_579.wav,4
train/train_580.wav,0
train/train_581.wav,3
train/train_582.wav,2
train/train_583.wav,4
train/train_584.wav,3
train/train_585.wav,2
train/train_586.wav,0
train/train_587.wav,5
train/train_588.wav,5
train/train_589.wav,4
train/train_590.wav,4
train/train_591.wav,2
train/train_592.wav,6
train/train_593.wav,1
train/train_594.wav,3
train/train_595.wav,1
train/train_596.wav,5
train/train_597.wav,0
train/train_598.wav,5
train/train_599.wav,2
train/train_600.wav,0
train/train_601.wav,3
train/train_602.wav,2
train/train_603.wav,5
train/train_604.wav,6
train/train_605.wav,6
train/train_606.wav,2
train/train_607.wav,3
train/train_608.wav,0
train/train_609.wav,5
train/train_610.wav,6
train/train_611.wav,3
train/train_612.wav,6
train/train_613.wav,5
train/train_614.wav,0
train/train_615.wav,6
train/train_616.wav,2
train/train_617.wav,3
train/train_618.wav,4
train/train_619.wav,3
train/train_620.wav,1
train/train_621.wav,6
train/train_622.wav,3
train/train_623.wav,2
train/train_624.wav,3
train/train_625.wav,1
train/train_626.wav,0
train/train_627.wav,6
train/train_628.wav,6
train/train_629.wav,5
train/train_630.wav,0
train/train_631.wav,4
train/train_632.wav,4
train/train_633.wav,2
train/train_634.wav,2
train/train_635.wav,4
train/train_636.wav,3
train/train_637.wav,1
train/train_638.wav,2
train/train_639.wav,2
train/train_640.wav,2
train/train_641.wav,4
train/train_642.wav,1
train/train_643.wav,5
train/train_644.wav,0
train/train_645.wav,6
train/train_646.wav,0
train/train_647.wav,5
train/train_648.wav,3
train/train_649.wav,6
train/train_650.wav,3
train/train_651.wav,3
train/train_652.wav,1
train/train_653.wav,1
train/train_654.wav,3
train/train_655.wav,4
train/train_656.wav,2
train/train_657.wav,1
train/train_658.wav,5
train/train_659.wav,4
train/train_660.wav,1
train/train_661.wav,3
train/train_662.wav,4
train/train_663.wav,5
train/train_664.wav,5
train/train_665.wav,5
train/train_666.wav,0
train/train_667.wav,6
train/train_668.wav,0
train/train_669.wav,2
train/train_670.wav,2
train/train_671.wav,6
train/train_672.wav,2
train/train_673.wav,3
train/train_674.wav,3
train/train_675.wav,2
train/train_676.wav,5
train/train_677.wav,6
train/train_678.wav,2
train/train_679.wav,3
train/train_680.wav,0
train/train_681.wav,5
train/train_682.wav,0
train/train_683.wav,4
train/train_684.wav,0
train/train_685.wav,6
train/train_686.wav,1
train/train_687.wav,0
train/train_688.wav,0
train/train_689.wav,1
train/train_690.wav,5
train/train_691.wav,1
train/train_692.wav,0
train/train_693.wav,6
train/train_694.wav,0
train/train_695.wav,4
train/train_696.wav,2
train/train_697.wav,3
train/train_698.wav,6
train/train_699.wav,0
train/train_700.wav,3
train/train_701.wav,0
train/train_702.wav,0
train/train_703.wav,0
train/train_704.wav,4
train/train_705.wav,1
train/train_706.wav,0
train/train_707.wav,3
train/train_708.wav,2
train/train_709.wav,4
train/train_710.wav,0
train/train_711.wav,4
train/train_712.wav,2
train/train_713.wav,6
train/train_714.wav,4
train/train_715.wav,5
train/train_716.wav,0
train/train_717.wav,6
train/train_718.wav,0
train/train_719.wav,1
train/train_720.wav,1
train/train_721.wav,5
train/train_722.wav,1
train/train_723.wav,2
train/train_724.wav,1
train/train_725.wav,5
train/train_726.wav,2
train/train_727.wav,3
train/train_728.wav,5
train/train_729.wav,4
train/train_730.wav,1
train/train_731.wav,4
train/train_732.wav,2
train/train_733.wav,0
train/train_734.wav,5
train/train_735.wav,0
train/train_736.wav,4
train/train_737.wav,3
train/train_738.wav,0
train/train_739.wav,3
train/train_740.wav,4
train/train_741.wav,3
train/train_742.wav,1
train/train_743.wav,3
train/train_744.wav,4
train/train_745.wav,1
train/train_746.wav,3
train/train_747.wav,3
train/train_748.wav,1
train/train_749.wav,4
train/train_750.wav,4
train/train_751.wav,4
train/train_752.wav,2
train/train_753.wav,0
train/train_754.wav,0
train/train_755.wav,4
train/train_756.wav,4
train/train_757.wav,5
train/train_758.wav,6
train/train_759.wav,6
train/train_760.wav,4
train/train_761.wav,3
train/train_762.wav,0
train/train_763.wav,6
train/train_764.wav,6
train/train_765.wav,2
train/train_766.wav,0
train/train_767.wav,5
train/train_768.wav,5
train/train_769.wav,4
train/train_770.wav,3
train/train_771.wav,1
train/train_772.wav,2
train/train_773.wav,3
train/train_774.wav,2
train/train_775.wav,5
train/train_776.wav,5
train/train_777.wav,6
train/train_778.wav,2
train/train_779.wav,3
train/train_780.wav,1
train/train_781.wav,4
train/train_782.wav,0
train/train_783.wav,4
train/train_784.wav,0
train/train_785.wav,0
train/train_786.wav,0
train/train_787.wav,4
train/train_788.wav,2
train/train_789.wav,0
train/train_790.wav,0
train/train_791.wav,0
train/train_792.wav,0
train/train_793.wav,3
train/train_794.wav,6
train/train_795.wav,6
train/train_796.wav,1
train/train_797.wav,6
train/train_798.wav,5
train/train_799.wav,6
train/train_800.wav,3
train/train_801.wav,3
train/train_802.wav,5
train/train_803.wav,6
train/train_804.wav,1
train/train_805.wav,6
train/train_806.wav,0
train/train_807.wav,4
train/train_808.wav,3
train/train_809.wav,2
train/train_810.wav,3
train/train_811.wav,5
train/train_812.wav,1
train/train_813.wav,1
train/train_814.wav,6
train/train_815.wav,5
train/train_816.wav,3
train/train_817.wav,2
train/train_818.wav,1
train/train_819.wav,0
train/train_820.wav,6
train/train_821.wav,4
train/train_822.wav,3
train/train_823.wav,6
train/train_824.wav,3
train/train_825.wav,6
train/train_826.wav,4
train/train_827.wav,6
train/train_828.wav,4
train/train_829.wav,2
train/train_830.wav,1
train/train_831.wav,3
train/train_832.wav,2
train/train_833.wav,2
train/train_834.wav,0
train/train_835.wav,0
train/train_836.wav,6
train/train_837.wav,2
train/train_838.wav,6
train/train_839.wav,4
train/train_840.wav,1
train/train_841.wav,2
train/train_842.wav,1
train/train_843.wav,6
train/train_844.wav,5
train/train_845.wav,4
train/train_846.wav,3
train/train_847.wav,0
train/train_848.wav,0
train/train_849.wav,3
train/train_850.wav,2
train/train_851.wav,1
train/train_852.wav,4
train/train_853.wav,0
train/train_854.wav,3
train/train_855.wav,3
train/train_856.wav,2
train/train_857.wav,6
train/train_858.wav,3
train/train_859.wav,3
train/train_860.wav,1
train/train_861.wav,6
train/train_862.wav,0
train/train_863.wav,6
train/train_864.wav,5
train/train_865.wav,4
train/train_866.wav,4
train/train_867.wav,1
train/train_868.wav,1
train/train_869.wav,3
train/train_870.wav,5
train/train_871.wav,6
train/train_872.wav,4
train/train_873.wav,0
train/train_874.wav,2
train/train_875.wav,0
train/train_876.wav,6
train/train_877.wav,0
train/train_878.wav,5
train/train_879.wav,0
train/train_880.wav,3
train/train_881.wav,0
train/train_882.wav,2
train/train_883.wav,0
train/train_884.wav,3
train/train_885.wav,4
train/train_886.wav,3
train/train_887.wav,6
train/train_888.wav,4
train/train_889.wav,5
train/train_890.wav,0
train/train_891.wav,5
train/train_892.wav,0
train/train_893.wav,2
train/train_894.wav,6
train/train_895.wav,5
train/train_896.wav,3
train/train_897.wav,4
train/train_898.wav,3
train/train_899.wav,3
train/train_900.wav,0
train/train_901.wav,0
train/train_902.wav,4
train/train_903.wav,2
train/train_904.wav,0
train/train_905.wav,0
train/train_906.wav,0
train/train_907.wav,0
train/train_908.wav,6
train/train_909.wav,3
train/train_910.wav,5
train/train_911.wav,5
train/train_912.wav,0
train/train_913.wav,3
train/train_914.wav,6
train/train_915.wav,0
train/train_916.wav,3
train/train_917.wav,6
train/train_918.wav,3
train/train_919.wav,0
train/train_920.wav,1
train/train_921.wav,6
train/train_922.wav,1
train/train_923.wav,2
train/train_924.wav,5
train/train_925.wav,1
train/train_926.wav,5
train/train_927.wav,2
train/train_928.wav,3
train/train_929.wav,5
train/train_930.wav,4
train/train_931.wav,2
train/train_932.wav,0
train/train_933.wav,5
train/train_934.wav,1
train/train_935.wav,4
train/train_936.wav,5
train/train_937.wav,2
train/train_938.wav,4
train/train_939.wav,5
train/train_940.wav,1
train/train_941.wav,6
train/train_942.wav,3
train/train_943.wav,4
train/train_944.wav,1
train/train_945.wav,0
train/train_946.wav,3
train/train_947.wav,0
train/train_948.wav,1
train/train_949.wav,2
train/train_950.wav,6
train/train_951.wav,2
train/train_952.wav,0
train/train_953.wav,1
train/train_954.wav,2
train/train_955.wav,4
train/train_956.wav,5
train/train_957.wav,5
train/train_958.wav,0
train/train_959.wav,2
train/train_960.wav,1
train/train_961.wav,6
train/train_962.wav,2
train/train_963.wav,2
train/train_964.wav,1
train/train_965.wav,2
train/train_966.wav,2
train/train_967.wav,4
train/train_968.wav,6
train/train_969.wav,5
train/train_970.wav,0
train/train_971.wav,5
train/train_972.wav,4
train/train_973.wav,0
train/train_974.wav,2
train/train_975.wav,2
train/train_976.wav,1
train/train_977.wav,5
train/train_978.wav,0
train/train_979.wav,6
train/train_980.wav,6
train/train_981.wav,1
train/train_982.wav,1
train/train_983.wav,3
train/train_984.wav,5
train/train_985.wav,4
train/train_986.wav,6
train/train_987.wav,1
train/train_988.wav,0
train/train_989.wav,6
train/train_990.wav,5
train/train_991.wav,5
train/train_992.wav,0
train/train_993.wav,5
train/train_994.wav,4
train/train_995.wav,2
train/train_996.wav,4
train/train_997.wav,4
train/train_998.wav,6
train/train_999.wav,6
train/train_1000.wav,2
train/train_1001.wav,6
train/train_1002.wav,5
train/train_1003.wav,1
train/train_1004.wav,6
train/train_1005.wav,3
train/train_1006.wav,5
train/train_1007.wav,2
train/train_1008.wav,1
train/train_1009.wav,0
train/train_1010.wav,0
train/train_1011.wav,1
train/train_1012.wav,5
train/train_1013.wav,6
train/train_1014.wav,2
train/train_1015.wav,5
train/train_1016.wav,3
train/train_1017.wav,6
train/train_1018.wav,5
train/train_1019.wav,4
train/train_1020.wav,5
train/train_1021.wav,4
train/train_1022.wav,3
train/train_1023.wav,0
train/train_1024.wav,5
train/train_1025.wav,5
train/train_1026.wav,1
train/train_1027.wav,0
train/train_1028.wav,6
train/train_1029.wav,6
train/train_1030.wav,5
train/train_1031.wav,0
train/train_1032.wav,3
train/train_1033.wav,0
train/train_1034.wav,5
train/train_1035.wav,2
train/train_1036.wav,4
train/train_1037.wav,5
train/train_1038.wav,3
train/train_1039.wav,3
train/train_1040.wav,1
train/train_1041.wav,5
train/train_1042.wav,3
train/train_1043.wav,2
train/train_1044.wav,1
train/train_1045.wav,6
train/train_1046.wav,5
train/train_1047.wav,6
train/train_1048.wav,3
train/train_1049.wav,0
train/train_1050.wav,2
train/train_1051.wav,0
train/train_1052.wav,5
train/train_1053.wav,6
train/train_1054.wav,5
train/train_1055.wav,5
train/train_1056.wav,0
train/train_1057.wav,1
train/train_1058.wav,0
train/train_1059.wav,4
train/train_1060.wav,0
train/train_1061.wav,2
train/train_1062.wav,1
train/train_1063.wav,1
train/train_1064.wav,4
train/train_1065.wav,6
train/train_1066.wav,3
train/train_1067.wav,2
train/train_1068.wav,3
train/train_1069.wav,5
train/train_1070.wav,1
train/train_1071.wav,4
train/train_1072.wav,5
train/train_1073.wav,2
train/train_1074.wav,5
train/train_1075.wav,5
train/train_1076.wav,2
train/train_1077.wav,6
train/train_1078.wav,6
train/train_1079.wav,0
train/train_1080.wav,6
train/train_1081.wav,1
train/train_1082.wav,1
train/train_1083.wav,4
train/train_1084.wav,4
train/train_1085.wav,0
train/train_1086.wav,3
train/train_1087.wav,2
train/train_1088.wav,2
train/train_1089.wav,1
train/train_1090.wav,5
train/train_1091.wav,5
train/train_1092.wav,4
train/train_1093.wav,2
train/train_1094.wav,6
train/train_1095.wav,2
train/train_1096.wav,0
train/train_1097.wav,0
train/train_1098.wav,6
train/train_1099.wav,5
train/train_1100.wav,2
train/train_1101.wav,3
train/train_1102.wav,2
train/train_1103.wav,2
train/train_1104.wav,6
train/train_1105.wav,6
train/train_1106.wav,3
train/train_1107.wav,4
train/train_1108.wav,2
train/train_1109.wav,6
train/train_1110.wav,1
train/train_1111.wav,1
train/train_1112.wav,6
train/train_1113.wav,4
train/train_1114.wav,3
train/train_1115.wav,2
train/train_1116.wav,4
train/train_1117.wav,0
train/train_1118.wav,4
train/train_1119.wav,3
train/train_1120.wav,2
train/train_1121.wav,2
train/train_1122.wav,5
train/train_1123.wav,5
train/train_1124.wav,6
train/train_1125.wav,5
train/train_1126.wav,3
train/train_1127.wav,1
train/train_1128.wav,5
train/train_1129.wav,1
train/train_1130.wav,5
train/train_1131.wav,3
train/train_1132.wav,1
train/train_1133.wav,0
train/train_1134.wav,6
train/train_1135.wav,2
train/train_1136.wav,0
train/train_1137.wav,6
train/train_1138.wav,6
train/train_1139.wav,0
train/train_1140.wav,6
train/train_1141.wav,0
train/train_1142.wav,4
train/train_1143.wav,4
train/train_1144.wav,1
train/train_1145.wav,5
train/train_1146.wav,4
train/train_1147.wav,2
train/train_1148.wav,4
train/train_1149.wav,1
train/train_1150.wav,1
train/train_1151.wav,3
train/train_1152.wav,0
train/train_1153.wav,0
train/train_1154.wav,6
train/train_1155.wav,1
train/train_1156.wav,4
train/train_1157.wav,0
train/train_1158.wav,6
train/train_1159.wav,3
train/train_1160.wav,2
train/train_1161.wav,1
train/train_1162.wav,3
train/train_1163.wav,3
train/train_1164.wav,0
train/train_1165.wav,1
train/train_1166.wav,4
train/train_1167.wav,6
train/train_1168.wav,6
train/train_1169.wav,3
train/train_1170.wav,3
train/train_1171.wav,2
train/train_1172.wav,4
train/train_1173.wav,2
train/train_1174.wav,1
train/train_1175.wav,6
train/train_1176.wav,0
train/train_1177.wav,0
train/train_1178.wav,1
train/train_1179.wav,4
train/train_1180.wav,0
train/train_1181.wav,6
train/train_1182.wav,0
train/train_1183.wav,2
train/train_1184.wav,6
train/train_1185.wav,2
train/train_1186.wav,0
train/train_1187.wav,0
train/train_1188.wav,2
train/train_1189.wav,3
train/train_1190.wav,0
train/train_1191.wav,1
train/train_1192.wav,3
train/train_1193.wav,4
train/train_1194.wav,6
train/train_1195.wav,0
train/train_1196.wav,6
train/train_1197.wav,1
train/train_1198.wav,1
train/train_1199.wav,1
train/train_1200.wav,5
train/train_1201.wav,5
train/train_1202.wav,3
train/train_1203.wav,0
train/train_1204.wav,4
train/train_1205.wav,3
train/train_1206.wav,3
train/train_1207.wav,0
train/train_1208.wav,0
train/train_1209.wav,1
train/train_1210.wav,1
train/train_1211.wav,5
train/train_1212.wav,1
train/train_1213.wav,5
train/train_1214.wav,3
train/train_1215.wav,3
train/train_1216.wav,0
train/train_1217.wav,6
train/train_1218.wav,6
train/train_1219.wav,1
train/train_1220.wav,2
train/train_1221.wav,4
train/train_1222.wav,2
train/train_1223.wav,1
train/train_1224.wav,1
train/train_1225.wav,4
train/train_1226.wav,3
train/train_1227.wav,4
train/train_1228.wav,3
train/train_1229.wav,5
train/train_1230.wav,0
train/train_1231.wav,2
train/train_1232.wav,4
train/train_1233.wav,4
train/train_1234.wav,3
train/train_1235.wav,6
train/train_1236.wav,3
train/train_1237.wav,4
train/train_1238.wav,6
train/train_1239.wav,1
train/train_1240.wav,2
train/train_1241.wav,6
train/train_1242.wav,4
train/train_1243.wav,4
train/train_1244.wav,2
train/train_1245.wav,0
train/train_1246.wav,0
train/train_1247.wav,4
train/train_1248.wav,5
train/train_1249.wav,1
train/train_1250.wav,1
train/train_1251.wav,6
train/train_1252.wav,4
train/train_1253.wav,4
train/train_1254.wav,2
train/train_1255.wav,2
train/train_1256.wav,3
train/train_1257.wav,4
train/train_1258.wav,4
train/train_1259.wav,5
train/train_1260.wav,6
train/train_1261.wav,5
train/train_1262.wav,2
train/train_1263.wav,1
train/train_1264.wav,0
train/train_1265.wav,5
train/train_1266.wav,4
train/train_1267.wav,1
train/train_1268.wav,5
train/train_1269.wav,5
train/train_1270.wav,1
train/train_1271.wav,1
train/train_1272.wav,0
train/train_1273.wav,1
train/train_1274.wav,6
train/train_1275.wav,3
train/train_1276.wav,0
train/train_1277.wav,1
train/train_1278.wav,4
train/train_1279.wav,4
train/train_1280.wav,2
train/train_1281.wav,4
train/train_1282.wav,5
train/train_1283.wav,0
train/train_1284.wav,1
train/train_1285.wav,3
train/train_1286.wav,5
train/train_1287.wav,3
train/train_1288.wav,5
train/train_1289.wav,0
train/train_1290.wav,3
train/train_1291.wav,5
train/train_1292.wav,6
train/train_1293.wav,3
train/train_1294.wav,6
train/train_1295.wav,6
train/train_1296.wav,1
train/train_1297.wav,1
train/train_1298.wav,4
train/train_1299.wav,4
train/train_1300.wav,2
train/train_1301.wav,5
train/train_1302.wav,2
train/train_1303.wav,3
train/train_1304.wav,5
train/train_1305.wav,1
train/train_1306.wav,1
train/train_1307.wav,4
train/train_1308.wav,2
train/train_1309.wav,0
train/train_1310.wav,4
train/train_1311.wav,6
train/train_1312.wav,5
train/train_1313.wav,6
train/train_1314.wav,4
train/train_1315.wav,4
train/train_1316.wav,2
train/train_1317.wav,2
train/train_1318.wav,1
train/train_1319.wav,4
train/train_1320.wav,3
train/train_1321.wav,6
train/train_1322.wav,1
train/train_1323.wav,1
train/train_1324.wav,0
train/train_1325.wav,2
train/train_1326.wav,2
train/train_1327.wav,4
train/train_1328.wav,3
train/train_1329.wav,5
train/train_1330.wav,4
train/train_1331.wav,5
train/train_1332.wav,6
train/train_1333.wav,5
train/train_1334.wav,4
train/train_1335.wav,2
train/train_1336.wav,1
train/train_1337.wav,0
train/train_1338.wav,2
train/train_1339.wav,3
train/train_1340.wav,3
train/train_1341.wav,4
train/train_1342.wav,5
train/train_1343.wav,4
train/train_1344.wav,6
train/train_1345.wav,1
train/train_1346.wav,2
train/train_1347.wav,6
train/train_1348.wav,4
train/train_1349.wav,0
train/train_1350.wav,4
train/train_1351.wav,5
train/train_1352.wav,0
train/train_1353.wav,2
train/train_1354.wav,1
train/train_1355.wav,2
train/train_1356.wav,1
train/train_1357.wav,5
train/train_1358.wav,2
train/train_1359.wav,1
train/train_1360.wav,5
train/train_1361.wav,0
train/train_1362.wav,4
train/train_1363.wav,4
train/train_1364.wav,1
train/train_1365.wav,5
train/train_1366.wav,0
train/train_1367.wav,2
train/train_1368.wav,0
train/train_1369.wav,0
train/train_1370.wav,6
train/train_1371.wav,2
train/train_1372.wav,1
train/train_1373.wav,5
train/train_1374.wav,4
train/train_1375.wav,1
train/train_1376.wav,6
train/train_1377.wav,1
train/train_1378.wav,3
train/train_1379.wav,4
train/train_1380.wav,3
train/train_1381.wav,2
train/train_1382.wav,6
train/train_1383.wav,0
train/train_1384.wav,3
train/train_1385.wav,1
train/train_1386.wav,6
train/train_1387.wav,0
train/train_1388.wav,3
train/train_1389.wav,3
train/train_1390.wav,4
train/train_1391.wav,3
train/train_1392.wav,3
train/train_1393.wav,6
train/train_1394.wav,2
train/train_1395.wav,5
train/train_1396.wav,5
train/train_1397.wav,4
train/train_1398.wav,2
train/train_1399.wav,5
train/train_1400.wav,5
train/train_1401.wav,1
train/train_1402.wav,5
train/train_1403.wav,2
train/train_1404.wav,4
train/train_1405.wav,0
train/train_1406.wav,3
train/train_1407.wav,0
train/train_1408.wav,5
train/train_1409.wav,0
train/train_1410.wav,5
train/train_1411.wav,4
train/train_1412.wav,1
train/train_1413.wav,3
train/train_1414.wav,3
train/train_1415.wav,3
train/train_1416.wav,4
train/train_1417.wav,2
train/train_1418.wav,6
train/train_1419.wav,5
train/train_1420.wav,1
train/train_1421.wav,5
train/train_1422.wav,1
train/train_1423.wav,2
train/train_1424.wav,4
train/train_1425.wav,0
train/train_1426.wav,4
train/train_1427.wav,0
train/train_1428.wav,3
train/train_1429.wav,3
train/train_1430.wav,4
train/train_1431.wav,0
train/train_1432.wav,0
train/train_1433.wav,5
train/train_1434.wav,3
train/train_1435.wav,1
train/train_1436.wav,1
train/train_1437.wav,5
train/train_1438.wav,6
train/train_1439.wav,4
train/train_1440.wav,2
train/train_1441.wav,6
train/train_1442.wav,3
train/train_1443.wav,2
train/train_1444.wav,6
train/train_1445.wav,2
train/train_1446.wav,1
train/train_1447.wav,4
train/train_1448.wav,6
train/train_1449.wav,6
train/train_1450.wav,3
train/train_1451.wav,1
train/train_1452.wav,6
train/train_1453.wav,4
train/train_1454.wav,1
train/train_1455.wav,4
train/train_1456.wav,0
train/train_1457.wav,2
train/train_1458.wav,0
train/train_1459.wav,2
train/train_1460.wav,6
train/train_1461.wav,3
train/train_1462.wav,4
train/train_1463.wav,3
train/train_1464.wav,5
train/train_1465.wav,4
train/train_1466.wav,4
train/train_1467.wav,5
train/train_1468.wav,2
train/train_1469.wav,2
train/train_1470.wav,6
train/train_1471.wav,2
train/train_1472.wav,5
train/train_1473.wav,4
train/train_1474.wav,3
train/train_1475.wav,6
train/train_1476.wav,3
train/train_1477.wav,6
train/train_1478.wav,0
train/train_1479.wav,6
train/train_1480.wav,6
train/train_1481.wav,1
train/train_1482.wav,4
train/train_1483.wav,0
train/train_1484.wav,3
train/train_1485.wav,0
train/train_1486.wav,1
train/train_1487.wav,3
train/train_1488.wav,2
train/train_1489.wav,5
train/train_1490.wav,1
train/train_1491.wav,6
train/train_1492.wav,4
train/train_1493.wav,4
train/train_1494.wav,4
train/train_1495.wav,4
train/train_1496.wav,2
train/train_1497.wav,1
train/train_1498.wav,1
train/train_1499.wav,3
train/train_1500.wav,5
train/train_1501.wav,5
train/train_1502.wav,4
train/train_1503.wav,1
train/train_1504.wav,0
train/train_1505.wav,6
train/train_1506.wav,4
train/train_1507.wav,5
train/train_1508.wav,4
train/train_1509.wav,5
train/train_1510.wav,2
train/train_1511.wav,2
train/train_1512.wav,6
train/train_1513.wav,5
train/train_1514.wav,6
train/train_1515.wav,5
train/train_1516.wav,2
train/train_1517.wav,0
train/train_1518.wav,1
train/train_1519.wav,0
train/train_1520.wav,4
train/train_1521.wav,2
train/train_1522.wav,4
train/train_1523.wav,4
train/train_1524.wav,6
train/train_1525.wav,1
train/train_1526.wav,3
train/train_1527.wav,2
train/train_1528.wav,3
train/train_1529.wav,5
train/train_1530.wav,4
train/train_1531.wav,0
train/train_1532.wav,1
train/train_1533.wav,5
train/train_1534.wav,3
train/train_1535.wav,1
train/train_1536.wav,5
train/train_1537.wav,3
train/train_1538.wav,0
train/train_1539.wav,1
train/train_1540.wav,4
train/train_1541.wav,2
train/train_1542.wav,0
train/train_1543.wav,6
train/train_1544.wav,5
train/train_1545.wav,2
train/train_1546.wav,1
train/train_1547.wav,4
train/train_1548.wav,3
train/train_1549.wav,1
train/train_1550.wav,0
train/train_1551.wav,1
train/train_1552.wav,3
train/train_1553.wav,4
train/train_1554.wav,4
train/train_1555.wav,0
train/train_1556.wav,0
train/train_1557.wav,3
train/train_1558.wav,1
train/train_1559.wav,0
train/train_1560.wav,3
train/train_1561.wav,4
train/train_1562.wav,4
train/train_1563.wav,6
train/train_1564.wav,3
train/train_1565.wav,1
train/train_1566.wav,4
train/train_1567.wav,5
train/train_1568.wav,4
train/train_1569.wav,4
train/train_1570.wav,4
train/train_1571.wav,3
train/train_1572.wav,3
train/train_1573.wav,4
train/train_1574.wav,5
train/train_1575.wav,5
train/train_1576.wav,5
train/train_1577.wav,0
train/train_1578.wav,2
train/train_1579.wav,5
train/train_1580.wav,0
train/train_1581.wav,0
train/train_1582.wav,0
train/train_1583.wav,4
train/train_1584.wav,3
train/train_1585.wav,6
train/train_1586.wav,4
train/train_1587.wav,0
train/train_1588.wav,5
train/train_1589.wav,4
train/train_1590.wav,0
train/train_1591.wav,6
train/train_1592.wav,0
train/train_1593.wav,2
train/train_1594.wav,1
train/train_1595.wav,0
train/train_1596.wav,1
train/train_1597.wav,3
train/train_1598.wav,3
train/train_1599.wav,5
train/train_1600.wav,4
train/train_1601.wav,4
train/train_1602.wav,2
train/train_1603.wav,1
train/train_1604.wav,4
train/train_1605.wav,5
train/train_1606.wav,5
train/train_1607.wav,1
train/train_1608.wav,2
train/train_1609.wav,6
train/train_1610.wav,3
train/train_1611.wav,2
train/train_1612.wav,1
train/train_1613.wav,4
train/train_1614.wav,3
train/train_1615.wav,2
train/train_1616.wav,3
train/train_1617.wav,0
train/train_1618.wav,1
train/train_1619.wav,0
train/train_1620.wav,1
train/train_1621.wav,0
train/train_1622.wav,6
train/train_1623.wav,2
train/train_1624.wav,0
train/train_1625.wav,2
train/train_1626.wav,0
train/train_1627.wav,4
train/train_1628.wav,6
train/train_1629.wav,3
train/train_1630.wav,0
train/train_1631.wav,0
train/train_1632.wav,1
train/train_1633.wav,1
train/train_1634.wav,1
train/train_1635.wav,6
train/train_1636.wav,6
train/train_1637.wav,4
train/train_1638.wav,6
train/train_1639.wav,5
train/train_1640.wav,5
train/train_1641.wav,0
train/train_1642.wav,0
train/train_1643.wav,0
train/train_1644.wav,4
train/train_1645.wav,0
train/train_1646.wav,0
train/train_1647.wav,3
train/train_1648.wav,1
train/train_1649.wav,1
train/train_1650.wav,2
train/train_1651.wav,6
train/train_1652.wav,6
train/train_1653.wav,4
train/train_1654.wav,5
train/train_1655.wav,1
train/train_1656.wav,3
train/train_1657.wav,1
train/train_1658.wav,2
train/train_1659.wav,0
train/train_1660.wav,3
train/train_1661.wav,5
train/train_1662.wav,5
train/train_1663.wav,2
train/train_1664.wav,0
train/train_1665.wav,0
train/train_1666.wav,0
train/train_1667.wav,4
train/train_1668.wav,0
train/train_1669.wav,4
train/train_1670.wav,3
train/train_1671.wav,5
train/train_1672.wav,5
train/train_1673.wav,3
train/train_1674.wav,3
train/train_1675.wav,0
train/train_1676.wav,0
train/train_1677.wav,1
train/train_1678.wav,1
train/train_1679.wav,0
train/train_1680.wav,5
train/train_1681.wav,3
train/train_1682.wav,1
train/train_1683.wav,0
train/train_1684.wav,6
train/train_1685.wav,0
train/train_1686.wav,3
train/train_1687.wav,4
train/train_1688.wav,5
train/train_1689.wav,1
train/train_1690.wav,2
train/train_1691.wav,1
train/train_1692.wav,4
train/train_1693.wav,4
train/train_1694.wav,6
train/train_1695.wav,3
train/train_1696.wav,2
train/train_1697.wav,3
train/train_1698.wav,1
train/train_1699.wav,2
train/train_1700.wav,0
train/train_1701.wav,6
train/train_1702.wav,3
train/train_1703.wav,6
train/train_1704.wav,4
train/train_1705.wav,1
train/train_1706.wav,6
train/train_1707.wav,4
train/train_1708.wav,5
train/train_1709.wav,6
train/train_1710.wav,2
train/train_1711.wav,5
train/train_1712.wav,0
train/train_1713.wav,4
train/train_1714.wav,1
train/train_1715.wav,5
train/train_1716.wav,1
train/train_1717.wav,1
train/train_1718.wav,4
train/train_1719.wav,1
train/train_1720.wav,4
train/train_1721.wav,2
train/train_1722.wav,6
train/train_1723.wav,2
train/train_1724.wav,1
train/train_1725.wav,5
train/train_1726.wav,4
train/train_1727.wav,4
train/train_1728.wav,6
train/train_1729.wav,6
train/train_1730.wav,6
train/train_1731.wav,3
train/train_1732.wav,1
train/train_1733.wav,4
train/train_1734.wav,3
train/train_1735.wav,0
train/train_1736.wav,6
train/train_1737.wav,4
train/train_1738.wav,0
train/train_1739.wav,0
train/train_1740.wav,1
train/train_1741.wav,4
train/train_1742.wav,1
train/train_1743.wav,3
train/train_1744.wav,2
train/train_1745.wav,5
train/train_1746.wav,6
train/train_1747.wav,4
train/train_1748.wav,2
train/train_1749.wav,6
train/train_1750.wav,0
train/train_1751.wav,2
train/train_1752.wav,3
train/train_1753.wav,4
train/train_1754.wav,3
train/train_1755.wav,1
train/train_1756.wav,6
train/train_1757.wav,1
train/train_1758.wav,3
train/train_1759.wav,5
train/train_1760.wav,6
train/train_1761.wav,0
train/train_1762.wav,2
train/train_1763.wav,5
train/train_1764.wav,3
train/train_1765.wav,6
train/train_1766.wav,4
train/train_1767.wav,1
train/train_1768.wav,4
train/train_1769.wav,3
train/train_1770.wav,3
train/train_1771.wav,1
train/train_1772.wav,1
train/train_1773.wav,4
train/train_1774.wav,2
train/train_1775.wav,5
train/train_1776.wav,2
train/train_1777.wav,5
train/train_1778.wav,3
train/train_1779.wav,5
train/train_1780.wav,2
train/train_1781.wav,5
train/train_1782.wav,4
train/train_1783.wav,3
train/train_1784.wav,2
train/train_1785.wav,5
train/train_1786.wav,6
train/train_1787.wav,0
train/train_1788.wav,5
train/train_1789.wav,2
train/train_1790.wav,4
train/train_1791.wav,6
train/train_1792.wav,2
train/train_1793.wav,5
train/train_1794.wav,1
train/train_1795.wav,6
train/train_1796.wav,5
train/train_1797.wav,4
train/train_1798.wav,0
train/train_1799.wav,4
train/train_1800.wav,3
train/train_1801.wav,2
train/train_1802.wav,4
train/train_1803.wav,3
train/train_1804.wav,5
train/train_1805.wav,4
train/train_1806.wav,6
train/train_1807.wav,0
train/train_1808.wav,2
train/train_1809.wav,5
train/train_1810.wav,6
train/train_1811.wav,3
train/train_1812.wav,1
train/train_1813.wav,2
train/train_1814.wav,4
train/train_1815.wav,2
train/train_1816.wav,5
train/train_1817.wav,1
train/train_1818.wav,2
train/train_1819.wav,0
train/train_1820.wav,6
train/train_1821.wav,0
train/train_1822.wav,0
train/train_1823.wav,3
train/train_1824.wav,6
train/train_1825.wav,0
train/train_1826.wav,6
train/train_1827.wav,6
train/train_1828.wav,0
train/train_1829.wav,3
train/train_1830.wav,1
train/train_1831.wav,2
train/train_1832.wav,2
train/train_1833.wav,4
train/train_1834.wav,1
train/train_1835.wav,6
train/train_1836.wav,4
train/train_1837.wav,6
train/train_1838.wav,2
train/train_1839.wav,4
train/train_1840.wav,3
train/train_1841.wav,5
train/train_1842.wav,3
train/train_1843.wav,6
train/train_1844.wav,6
train/train_1845.wav,5
train/train_1846.wav,2
train/train_1847.wav,2
train/train_1848.wav,4
train/train_1849.wav,3
train/train_1850.wav,6
train/train_1851.wav,5
train/train_1852.wav,4
train/train_1853.wav,0
train/train_1854.wav,3
train/train_1855.wav,2
train/train_1856.wav,3
train/train_1857.wav,1
train/train_1858.wav,5
train/train_1859.wav,2
train/train_1860.wav,3
train/train_1861.wav,2
train/train_1862.wav,2
train/train_1863.wav,2
train/train_1864.wav,0
train/train_1865.wav,2
train/train_1866.wav,1
train/train_1867.wav,3
train/train_1868.wav,2
train/train_1869.wav,6
train/train_1870.wav,4
train/train_1871.wav,0
train/train_1872.wav,1
train/train_1873.wav,0
train/train_1874.wav,1
train/train_1875.wav,1
train/train_1876.wav,2
train/train_1877.wav,4
train/train_1878.wav,1
train/train_1879.wav,6
train/train_1880.wav,0
train/train_1881.wav,3
train/train_1882.wav,2
train/train_1883.wav,4
train/train_1884.wav,1
train/train_1885.wav,2
train/train_1886.wav,3
train/train_1887.wav,3
train/train_1888.wav,6
train/train_1889.wav,3
train/train_1890.wav,4
train/train_1891.wav,0
train/train_1892.wav,1
train/train_1893.wav,4
train/train_1894.wav,6
train/train_1895.wav,0
train/train_1896.wav,0
train/train_1897.wav,4
train/train_1898.wav,2
train/train_1899.wav,5
train/train_1900.wav,5
train/train_1901.wav,3
train/train_1902.wav,6
train/train_1903.wav,6
train/train_1904.wav,0
train/train_1905.wav,3
train/train_1906.wav,1
train/train_1907.wav,2
train/train_1908.wav,0
train/train_1909.wav,1
train/train_1910.wav,0
train/train_1911.wav,4
train/train_1912.wav,0
train/train_1913.wav,5
train/train_1914.wav,4
train/train_1915.wav,2
train/train_1916.wav,5
train/train_1917.wav,1
train/train_1918.wav,4
train/train_1919.wav,3
train/train_1920.wav,3
train/train_1921.wav,6
train/train_1922.wav,5
train/train_1923.wav,0
train/train_1924.wav,2
train/train_1925.wav,4
train/train_1926.wav,1
train/train_1927.wav,6
train/train_1928.wav,1
train/train_1929.wav,2
train/train_1930.wav,1
train/train_1931.wav,3
train/train_1932.wav,3
train/train_1933.wav,5
train/train_1934.wav,2
train/train_1935.wav,6
train/train_1936.wav,6
train/train_1937.wav,6
train/train_1938.wav,6
train/train_1939.wav,1
train/train_1940.wav,6
train/train_1941.wav,6
train/train_1942.wav,0
train/train_1943.wav,2
train/train_1944.wav,1
train/train_1945.wav,3
train/train_1946.wav,2
train/train_1947.wav,1
train/train_1948.wav,0
train/train_1949.wav,1
train/train_1950.wav,0
train/train_1951.wav,6
train/train_1952.wav,6
train/train_1953.wav,3
train/train_1954.wav,2
train/train_1955.wav,5
train/train_1956.wav,4
train/train_1957.wav,3
train/train_1958.wav,6
train/train_1959.wav,3
train/train_1960.wav,4
train/train_1961.wav,1
train/train_1962.wav,3
train/train_1963.wav,5
train/train_1964.wav,2
train/train_1965.wav,0
train/train_1966.wav,5
train/train_1967.wav,0
train/train_1968.wav,2
train/train_1969.wav,2
train/train_1970.wav,1
train/train_1971.wav,6
train/train_1972.wav,6
train/train_1973.wav,5
train/train_1974.wav,5
train/train_1975.wav,4
train/train_1976.wav,2
train/train_1977.wav,2
train/train_1978.wav,0
train/train_1979.wav,3
train/train_1980.wav,4
train/train_1981.wav,2
train/train_1982.wav,1
train/train_1983.wav,0
train/train_1984.wav,1
train/train_1985.wav,2
train/train_1986.wav,3
train/train_1987.wav,4
train/train_1988.wav,0
train/train_1989.wav,1
train/train_1990.wav,1
train/train_1991.wav,2
train/train_1992.wav,5
train/train_1993.wav,4
train/train_1994.wav,4
train/train_1995.wav,1
train/train_1996.wav,1
train/train_1997.wav,6
train/train_1998.wav,3
train/train_1999.wav,3
train/train_2000.wav,1
train/train_2001.wav,3
train/train_2002.wav,0
train/train_2003.wav,6
train/train_2004.wav,2
train/train_2005.wav,0
train/train_2006.wav,6
train/train_2007.wav,3
train/train_2008.wav,6
train/train_2009.wav,4
train/train_2010.wav,6
train/train_2011.wav,0
train/train_2012.wav,5
train/train_2013.wav,5
train/train_2014.wav,0
train/train_2015.wav,2
train/train_2016.wav,1
train/train_2017.wav,2
train/train_2018.wav,5
train/train_2019.wav,0
train/train_2020.wav,0
train/train_2021.wav,0
train/train_2022.wav,0
train/train_2023.wav,2
train/train_2024.wav,4
train/train_2025.wav,3
train/train_2026.wav,4
train/train_2027.wav,1
train/train_2028.wav,4
train/train_2029.wav,4
train/train_2030.wav,1
train/train_2031.wav,1
train/train_2032.wav,5
train/train_2033.wav,0
train/train_2034.wav,1
train/train_2035.wav,4
train/train_2036.wav,6
train/train_2037.wav,1
train/train_2038.wav,5
train/train_2039.wav,2
train/train_2040.wav,4
train/train_2041.wav,0
train/train_2042.wav,4
train/train_2043.wav,5
train/train_2044.wav,3
train/train_2045.wav,6
train/train_2046.wav,3
train/train_2047.wav,2
train/train_2048.wav,4
train/train_2049.wav,3
train/train_2050.wav,6
train/train_2051.wav,3
train/train_2052.wav,2
train/train_2053.wav,1
train/train_2054.wav,1
train/train_2055.wav,6
train/train_2056.wav,5
train/train_2057.wav,0
train/train_2058.wav,3
train/train_2059.wav,5
train/train_2060.wav,5
train/train_2061.wav,4
train/train_2062.wav,4
train/train_2063.wav,0
train/train_2064.wav,3
train/train_2065.wav,4
train/train_2066.wav,2
train/train_2067.wav,3
train/train_2068.wav,4
train/train_2069.wav,2
train/train_2070.wav,6
train/train_2071.wav,0
train/train_2072.wav,2
train/train_2073.wav,2
train/train_2074.wav,4
train/train_2075.wav,6
train/train_2076.wav,5
train/train_2077.wav,4
train/train_2078.wav,3
train/train_2079.wav,4
train/train_2080.wav,5
train/train_2081.wav,1
train/train_2082.wav,0
train/train_2083.wav,2
train/train_2084.wav,0
train/train_2085.wav,2
train/train_2086.wav,4
train/train_2087.wav,0
train/train_2088.wav,3
train/train_2089.wav,4
train/train_2090.wav,6
train/train_2091.wav,5
train/train_2092.wav,1
train/train_2093.wav,2
train/train_2094.wav,2
train/train_2095.wav,5
train/train_2096.wav,4
train/train_2097.wav,1
train/train_2098.wav,0
train/train_2099.wav,1
train/train_2100.wav,5
train/train_2101.wav,2
train/train_2102.wav,1
train/train_2103.wav,3
train/train_2104.wav,5
train/train_2105.wav,4
train/train_2106.wav,3
train/train_2107.wav,4
train/train_2108.wav,5
train/train_2109.wav,6
train/train_2110.wav,2
train/train_2111.wav,2
train/train_2112.wav,1
train/train_2113.wav,5
train/train_2114.wav,1
train/train_2115.wav,4
train/train_2116.wav,3
train/train_2117.wav,4
train/train_2118.wav,4
train/train_2119.wav,6
train/train_2120.wav,3
train/train_2121.wav,0
train/train_2122.wav,6
train/train_2123.wav,4
train/train_2124.wav,4
train/train_2125.wav,0
train/train_2126.wav,1
train/train_2127.wav,6
train/train_2128.wav,0
train/train_2129.wav,2
train/train_2130.wav,2
train/train_2131.wav,0
train/train_2132.wav,3
train/train_2133.wav,3
train/train_2134.wav,6
train/train_2135.wav,5
train/train_2136.wav,2
train/train_2137.wav,2
train/train_2138.wav,6
train/train_2139.wav,3
train/train_2140.wav,3
train/train_2141.wav,0
train/train_2142.wav,6
train/train_2143.wav,5
train/train_2144.wav,1
train/train_2145.wav,1
train/train_2146.wav,6
train/train_2147.wav,4
train/train_2148.wav,0
train/train_2149.wav,6
train/train_2150.wav,6
train/train_2151.wav,1
train/train_2152.wav,5
train/train_2153.wav,5
train/train_2154.wav,3
train/train_2155.wav,2
train/train_2156.wav,6
train/train_2157.wav,4
train/train_2158.wav,3
train/train_2159.wav,4
train/train_2160.wav,3
train/train_2161.wav,4
train/train_2162.wav,5
train/train_2163.wav,1
train/train_2164.wav,6
train/train_2165.wav,4
train/train_2166.wav,3
train/train_2167.wav,3
train/train_2168.wav,2
train/train_2169.wav,4
train/train_2170.wav,0
train/train_2171.wav,3
train/train_2172.wav,6
train/train_2173.wav,5
train/train_2174.wav,1
train/train_2175.wav,4
train/train_2176.wav,0
train/train_2177.wav,6
train/train_2178.wav,2
train/train_2179.wav,2
train/train_2180.wav,5
train/train_2181.wav,2
train/train_2182.wav,3
train/train_2183.wav,4
train/train_2184.wav,2
train/train_2185.wav,6
train/train_2186.wav,2
train/train_2187.wav,3
train/train_2188.wav,0
train/train_2189.wav,0
train/train_2190.wav,2
train/train_2191.wav,6
train/train_2192.wav,3
train/train_2193.wav,6
train/train_2194.wav,4
train/train_2195.wav,4
train/train_2196.wav,4
train/train_2197.wav,6
train/train_2198.wav,6
train/train_2199.wav,2
train/train_2200.wav,3
train/train_2201.wav,2
train/train_2202.wav,3
train/train_2203.wav,6
train/train_2204.wav,3
train/train_2205.wav,6
train/train_2206.wav,3
train/train_2207.wav,1
train/train_2208.wav,3
train/train_2209.wav,5
train/train_2210.wav,3
train/train_2211.wav,5
train/train_2212.wav,2
train/train_2213.wav,1
train/train_2214.wav,0
train/train_2215.wav,1
train/train_2216.wav,3
train/train_2217.wav,5
train/train_2218.wav,0
train/train_2219.wav,0
train/train_2220.wav,5
train/train_2221.wav,6
train/train_2222.wav,1
train/train_2223.wav,2
train/train_2224.wav,0
train/train_2225.wav,0
train/train_2226.wav,4
train/train_2227.wav,5
train/train_2228.wav,2
train/train_2229.wav,5
train/train_2230.wav,4
train/train_2231.wav,6
train/train_2232.wav,1
train/train_2233.wav,2
train/train_2234.wav,4
train/train_2235.wav,3
train/train_2236.wav,5
train/train_2237.wav,1
train/train_2238.wav,0
train/train_2239.wav,0
train/train_2240.wav,6
train/train_2241.wav,6
train/train_2242.wav,6
train/train_2243.wav,5
train/train_2244.wav,2
train/train_2245.wav,4
train/train_2246.wav,3
train/train_2247.wav,5
train/train_2248.wav,3
train/train_2249.wav,6
train/train_2250.wav,5
train/train_2251.wav,4
train/train_2252.wav,6
train/train_2253.wav,5
train/train_2254.wav,3
train/train_2255.wav,3
train/train_2256.wav,6
train/train_2257.wav,1
train/train_2258.wav,6
train/train_2259.wav,5
train/train_2260.wav,5
train/train_2261.wav,5
train/train_2262.wav,4
train/train_2263.wav,5
train/train_2264.wav,4
train/train_2265.wav,3
train/train_2266.wav,2
train/train_2267.wav,0
train/train_2268.wav,0
train/train_2269.wav,2
train/train_2270.wav,6
train/train_2271.wav,1
train/train_2272.wav,5
train/train_2273.wav,3
train/train_2274.wav,4
train/train_2275.wav,2
train/train_2276.wav,6
train/train_2277.wav,3
train/train_2278.wav,5
train/train_2279.wav,5
train/train_2280.wav,6
train/train_2281.wav,1
train/train_2282.wav,0
train/train_2283.wav,6
train/train_2284.wav,2
train/train_2285.wav,3
train/train_2286.wav,3
train/train_2287.wav,2
train/train_2288.wav,2
train/train_2289.wav,2
train/train_2290.wav,5
train/train_2291.wav,6
train/train_2292.wav,1
train/train_2293.wav,2
train/train_2294.wav,6
train/train_2295.wav,0
train/train_2296.wav,0
train/train_2297.wav,2
train/train_2298.wav,0
train/train_2299.wav,1
train/train_2300.wav,5
train/train_2301.wav,5
train/train_2302.wav,4
train/train_2303.wav,6
train/train_2304.wav,2
train/train_2305.wav,2
train/train_2306.wav,4
train/train_2307.wav,0
train/train_2308.wav,2
train/train_2309.wav,4
train/train_2310.wav,4
train/train_2311.wav,4
train/train_2312.wav,2
train/train_2313.wav,4
train/train_2314.wav,2
train/train_2315.wav,0
train/train_2316.wav,3
train/train_2317.wav,6
train/train_2318.wav,4
train/train_2319.wav,3
train/train_2320.wav,3
train/train_2321.wav,1
train/train_2322.wav,6
train/train_2323.wav,6
train/train_2324.wav,0
train/train_2325.wav,6
train/train_2326.wav,5
train/train_2327.wav,4
train/train_2328.wav,2
train/train_2329.wav,1
train/train_2330.wav,0
train/train_2331.wav,6
train/train_2332.wav,1
train/train_2333.wav,6
train/train_2334.wav,2
train/train_2335.wav,1
train/train_2336.wav,2
train/train_2337.wav,3
train/train_2338.wav,1
train/train_2339.wav,1
train/train_2340.wav,3
train/train_2341.wav,4
train/train_2342.wav,4
train/train_2343.wav,2
train/train_2344.wav,0
train/train_2345.wav,2
train/train_2346.wav,6
train/train_2347.wav,0
train/train_2348.wav,2
train/train_2349.wav,5
train/train_2350.wav,4
train/train_2351.wav,0
train/train_2352.wav,0
train/train_2353.wav,0
train/train_2354.wav,3
train/train_2355.wav,0
train/train_2356.wav,1
train/train_2357.wav,6
train/train_2358.wav,1
train/train_2359.wav,4
train/train_2360.wav,6
train/train_2361.wav,5
train/train_2362.wav,4
train/train_2363.wav,5
train/train_2364.wav,0
train/train_2365.wav,1
train/train_2366.wav,6
train/train_2367.wav,2
train/train_2368.wav,1
train/train_2369.wav,1
train/train_2370.wav,0
train/train_2371.wav,1
train/train_2372.wav,1
train/train_2373.wav,3
train/train_2374.wav,5
train/train_2375.wav,6
train/train_2376.wav,6
train/train_2377.wav,3
train/train_2378.wav,4
train/train_2379.wav,2
train/train_2380.wav,6
train/train_2381.wav,0
train/train_2382.wav,4
train/train_2383.wav,0
train/train_2384.wav,0
train/train_2385.wav,1
train/train_2386.wav,6
train/train_2387.wav,3
train/train_2388.wav,5
train/train_2389.wav,1
train/train_2390.wav,0
train/train_2391.wav,2
train/train_2392.wav,3
train/train_2393.wav,3
train/train_2394.wav,3
train/train_2395.wav,6
train/train_2396.wav,0
train/train_2397.wav,0
train/train_2398.wav,5
train/train_2399.wav,3
train/train_2400.wav,6
train/train_2401.wav,2
train/train_2402.wav,6
train/train_2403.wav,2
train/train_2404.wav,3
train/train_2405.wav,2
train/train_2406.wav,2
train/train_2407.wav,1
train/train_2408.wav,5
train/train_2409.wav,6
train/train_2410.wav,5
train/train_2411.wav,0
train/train_2412.wav,0
train/train_2413.wav,2
train/train_2414.wav,5
train/train_2415.wav,6
train/train_2416.wav,6
train/train_2417.wav,6
train/train_2418.wav,0
train/train_2419.wav,1
train/train_2420.wav,5
train/train_2421.wav,1
train/train_2422.wav,6
train/train_2423.wav,2
train/train_2424.wav,1
train/train_2425.wav,3
train/train_2426.wav,6
train/train_2427.wav,6
train/train_2428.wav,3
train/train_2429.wav,6
train/train_2430.wav,4
train/train_2431.wav,2
train/train_2432.wav,2
train/train_2433.wav,5
train/train_2434.wav,6
train/train_2435.wav,1
train/train_2436.wav,6
train/train_2437.wav,0
train/train_2438.wav,3
train/train_2439.wav,3
train/train_2440.wav,6
train/train_2441.wav,3
train/train_2442.wav,6
train/train_2443.wav,2
train/train_2444.wav,5
train/train_2445.wav,6
train/train_2446.wav,4
train/train_2447.wav,6
train/train_2448.wav,3
train/train_2449.wav,0
train/train_2450.wav,5
train/train_2451.wav,1
train/train_2452.wav,3
train/train_2453.wav,5
train/train_2454.wav,5
train/train_2455.wav,6
train/train_2456.wav,5
train/train_2457.wav,3
train/train_2458.wav,3
train/train_2459.wav,5
train/train_2460.wav,2
train/train_2461.wav,1
train/train_2462.wav,3
train/train_2463.wav,5
train/train_2464.wav,6
train/train_2465.wav,1
train/train_2466.wav,5
train/train_2467.wav,5
train/train_2468.wav,6
train/train_2469.wav,1
train/train_2470.wav,3
train/train_2471.wav,3
train/train_2472.wav,6
train/train_2473.wav,0
train/train_2474.wav,3
train/train_2475.wav,4
train/train_2476.wav,5
train/train_2477.wav,6
train/train_2478.wav,5
train/train_2479.wav,4
train/train_2480.wav,2
train/train_2481.wav,0
train/train_2482.wav,0
train/train_2483.wav,1
train/train_2484.wav,5
train/train_2485.wav,5
train/train_2486.wav,1
train/train_2487.wav,0
train/train_2488.wav,1
train/train_2489.wav,4
train/train_2490.wav,3
train/train_2491.wav,6
train/train_2492.wav,0
train/train_2493.wav,4
train/train_2494.wav,1
train/train_2495.wav,5
train/train_2496.wav,2
train/train_2497.wav,1
train/train_2498.wav,3
train/train_2499.wav,3
train/train_2500.wav,3
train/train_2501.wav,4
train/train_2502.wav,2
train/train_2503.wav,1
train/train_2504.wav,4
train/train_2505.wav,6
train/train_2506.wav,3
train/train_2507.wav,5
train/train_2508.wav,5
train/train_2509.wav,1
train/train_2510.wav,2
train/train_2511.wav,0
train/train_2512.wav,0
train/train_2513.wav,1
train/train_2514.wav,4
train/train_2515.wav,5
train/train_2516.wav,5
train/train_2517.wav,0
train/train_2518.wav,4
train/train_2519.wav,0
train/train_2520.wav,2
train/train_2521.wav,4
train/train_2522.wav,2
train/train_2523.wav,3
train/train_2524.wav,6
train/train_2525.wav,2
train/train_2526.wav,3
train/train_2527.wav,2
train/train_2528.wav,0
train/train_2529.wav,4
train/train_2530.wav,5
train/train_2531.wav,5
train/train_2532.wav,3
train/train_2533.wav,3
train/train_2534.wav,0
train/train_2535.wav,6
train/train_2536.wav,4
train/train_2537.wav,1
train/train_2538.wav,2
train/train_2539.wav,1
train/train_2540.wav,3
train/train_2541.wav,4
train/train_2542.wav,5
train/train_2543.wav,5
train/train_2544.wav,2
train/train_2545.wav,4
train/train_2546.wav,1
train/train_2547.wav,0
train/train_2548.wav,1
train/train_2549.wav,5
train/train_2550.wav,5
train/train_2551.wav,0
train/train_2552.wav,0
train/train_2553.wav,5
train/train_2554.wav,1
train/train_2555.wav,5
train/train_2556.wav,5
train/train_2557.wav,2
train/train_2558.wav,5
train/train_2559.wav,0
train/train_2560.wav,3
train/train_2561.wav,2
train/train_2562.wav,5
train/train_2563.wav,0
train/train_2564.wav,0
train/train_2565.wav,6
train/train_2566.wav,5
train/train_2567.wav,0
train/train_2568.wav,4
train/train_2569.wav,1
train/train_2570.wav,2
train/train_2571.wav,2
train/train_2572.wav,5
train/train_2573.wav,6
train/train_2574.wav,3
train/train_2575.wav,5
train/train_2576.wav,0
train/train_2577.wav,0
train/train_2578.wav,1
train/train_2579.wav,2
train/train_2580.wav,6
train/train_2581.wav,5
train/train_2582.wav,3
train/train_2583.wav,1
train/train_2584.wav,4
train/train_2585.wav,4
train/train_2586.wav,6
train/train_2587.wav,0
train/train_2588.wav,4
train/train_2589.wav,6
train/train_2590.wav,1
train/train_2591.wav,4
train/train_2592.wav,4
train/train_2593.wav,2
train/train_2594.wav,5
train/train_2595.wav,2
train/train_2596.wav,5
train/train_2597.wav,1
train/train_2598.wav,0
train/train_2599.wav,2
train/train_2600.wav,1
train/train_2601.wav,0
train/train_2602.wav,2
train/train_2603.wav,3
train/train_2604.wav,0
train/train_2605.wav,6
train/train_2606.wav,1
train/train_2607.wav,4
train/train_2608.wav,1
train/train_2609.wav,0
train/train_2610.wav,4
train/train_2611.wav,0
train/train_2612.wav,0
train/train_2613.wav,3
train/train_2614.wav,4
train/train_2615.wav,4
train/train_2616.wav,0
train/train_2617.wav,2
train/train_2618.wav,3
train/train_2619.wav,5
train/train_2620.wav,6
train/train_2621.wav,5
train/train_2622.wav,6
train/train_2623.wav,5
train/train_2624.wav,2
train/train_2625.wav,5
train/train_2626.wav,2
train/train_2627.wav,3
train/train_2628.wav,5
train/train_2629.wav,5
train/train_2630.wav,0
train/train_2631.wav,2
train/train_2632.wav,4
train/train_2633.wav,0
train/train_2634.wav,2
train/train_2635.wav,1
train/train_2636.wav,4
train/train_2637.wav,6
train/train_2638.wav,5
train/train_2639.wav,3
train/train_2640.wav,5
train/train_2641.wav,6
train/train_2642.wav,3
train/train_2643.wav,5
train/train_2644.wav,5
train/train_2645.wav,3
train/train_2646.wav,5
train/train_2647.wav,3
train/train_2648.wav,0
train/train_2649.wav,2
train/train_2650.wav,1
train/train_2651.wav,0
train/train_2652.wav,4
train/train_2653.wav,4
train/train_2654.wav,5
train/train_2655.wav,6
train/train_2656.wav,5
train/train_2657.wav,5
train/train_2658.wav,1
train/train_2659.wav,6
train/train_2660.wav,1
train/train_2661.wav,4
train/train_2662.wav,3
train/train_2663.wav,4
train/train_2664.wav,3
train/train_2665.wav,6
train/train_2666.wav,3
train/train_2667.wav,5
train/train_2668.wav,3
train/train_2669.wav,0
train/train_2670.wav,6
train/train_2671.wav,5
train/train_2672.wav,0
train/train_2673.wav,2
train/train_2674.wav,1
train/train_2675.wav,1
train/train_2676.wav,5
train/train_2677.wav,3
train/train_2678.wav,0
train/train_2679.wav,6
train/train_2680.wav,4
train/train_2681.wav,0
train/train_2682.wav,1
train/train_2683.wav,0
train/train_2684.wav,2
train/train_2685.wav,0
train/train_2686.wav,0
train/train_2687.wav,2
train/train_2688.wav,5
train/train_2689.wav,6
train/train_2690.wav,1
train/train_2691.wav,3
train/train_2692.wav,4
train/train_2693.wav,6
train/train_2694.wav,5
train/train_2695.wav,3
train/train_2696.wav,1
train/train_2697.wav,6
train/train_2698.wav,6
train/train_2699.wav,3
train/train_2700.wav,0
train/train_2701.wav,3
train/train_2702.wav,0
train/train_2703.wav,6
train/train_2704.wav,0
train/train_2705.wav,5
train/train_2706.wav,0
train/train_2707.wav,3
train/train_2708.wav,0
train/train_2709.wav,3
train/train_2710.wav,1
train/train_2711.wav,5
train/train_2712.wav,3
train/train_2713.wav,3
train/train_2714.wav,4
train/train_2715.wav,1
train/train_2716.wav,4
train/train_2717.wav,6
train/train_2718.wav,5
train/train_2719.wav,6
train/train_2720.wav,6
train/train_2721.wav,2
train/train_2722.wav,0
train/train_2723.wav,4
train/train_2724.wav,4
train/train_2725.wav,0
train/train_2726.wav,0
train/train_2727.wav,0
train/train_2728.wav,2
train/train_2729.wav,6
train/train_2730.wav,4
train/train_2731.wav,5
train/train_2732.wav,6
train/train_2733.wav,5
train/train_2734.wav,1
train/train_2735.wav,0
train/train_2736.wav,5
train/train_2737.wav,3
train/train_2738.wav,0
train/train_2739.wav,1
train/train_2740.wav,2
train/train_2741.wav,4
train/train_2742.wav,1
train/train_2743.wav,1
train/train_2744.wav,4
train/train_2745.wav,4
train/train_2746.wav,3
train/train_2747.wav,5
train/train_2748.wav,5
train/train_2749.wav,1
train/train_2750.wav,4
train/train_2751.wav,3
train/train_2752.wav,6
train/train_2753.wav,2
train/train_2754.wav,4
train/train_2755.wav,3
train/train_2756.wav,4
train/train_2757.wav,0
train/train_2758.wav,2
train/train_2759.wav,2
train/train_2760.wav,6
train/train_2761.wav,6
train/train_2762.wav,6
train/train_2763.wav,5
train/train_2764.wav,2
train/train_2765.wav,6
train/train_2766.wav,1
train/train_2767.wav,3
train/train_2768.wav,0
train/train_2769.wav,5
train/train_2770.wav,3
train/train_2771.wav,4
train/train_2772.wav,0
train/train_2773.wav,3
train/train_2774.wav,2
train/train_2775.wav,2
train/train_2776.wav,0
train/train_2777.wav,2
train/train_2778.wav,1
train/train_2779.wav,3
train/train_2780.wav,1
train/train_2781.wav,4
train/train_2782.wav,4
train/train_2783.wav,2
train/train_2784.wav,0
train/train_2785.wav,1
train/train_2786.wav,4
train/train_2787.wav,2
train/train_2788.wav,2
train/train_2789.wav,1
train/train_2790.wav,1
train/train_2791.wav,3
train/train_2792.wav,4
train/train_2793.wav,2
train/train_2794.wav,4
train/train_2795.wav,1
train/train_2796.wav,6
train/train_2797.wav,6
train/train_2798.wav,1
train/train_2799.wav,2
train/train_2800.wav,1
train/train_2801.wav,5
train/train_2802.wav,2
train/train_2803.wav,1
train/train_2804.wav,1
train/train_2805.wav,6
train/train_2806.wav,4
train/train_2807.wav,5
train/train_2808.wav,6
train/train_2809.wav,2
train/train_2810.wav,2
train/train_2811.wav,3
train/train_2812.wav,0
train/train_2813.wav,1
train/train_2814.wav,5
train/train_2815.wav,6
train/train_2816.wav,3
train/train_2817.wav,6
train/train_2818.wav,6
train/train_2819.wav,5
train/train_2820.wav,4
train/train_2821.wav,3
train/train_2822.wav,3
train/train_2823.wav,4
train/train_2824.wav,0
train/train_2825.wav,5
train/train_2826.wav,4
train/train_2827.wav,5
train/train_2828.wav,5
train/train_2829.wav,0
train/train_2830.wav,5
train/train_2831.wav,2
train/train_2832.wav,1
train/train_2833.wav,2
train/train_2834.wav,2
train/train_2835.wav,1
train/train_2836.wav,0
train/train_2837.wav,4
train/train_2838.wav,1
train/train_2839.wav,5
train/train_2840.wav,1
train/train_2841.wav,3
train/train_2842.wav,6
train/train_2843.wav,4
train/train_2844.wav,0
train/train_2845.wav,1
train/train_2846.wav,0
train/train_2847.wav,1
train/train_2848.wav,1
train/train_2849.wav,2
train/train_2850.wav,2
train/train_2851.wav,4
train/train_2852.wav,2
train/train_2853.wav,6
train/train_2854.wav,5
train/train_2855.wav,2
train/train_2856.wav,3
train/train_2857.wav,5
train/train_2858.wav,6
train/train_2859.wav,6
train/train_2860.wav,1
train/train_2861.wav,3
train/train_2862.wav,6
train/train_2863.wav,0
train/train_2864.wav,3
train/train_2865.wav,4
train/train_2866.wav,2
train/train_2867.wav,1
train/train_2868.wav,4
train/train_2869.wav,2
train/train_2870.wav,2
train/train_2871.wav,4
train/train_2872.wav,0
train/train_2873.wav,4
train/train_2874.wav,2
train/train_2875.wav,6
train/train_2876.wav,3
train/train_2877.wav,4
train/train_2878.wav,0
train/train_2879.wav,4
train/train_2880.wav,6
train/train_2881.wav,3
train/train_2882.wav,3
train/train_2883.wav,6
train/train_2884.wav,5
train/train_2885.wav,4
train/train_2886.wav,1
train/train_2887.wav,5
train/train_2888.wav,1
train/train_2889.wav,6
train/train_2890.wav,1
train/train_2891.wav,6
train/train_2892.wav,3
train/train_2893.wav,2
train/train_2894.wav,1
train/train_2895.wav,2
train/train_2896.wav,5
train/train_2897.wav,2
train/train_2898.wav,4
train/train_2899.wav,1
train/train_2900.wav,2
train/train_2901.wav,5
train/train_2902.wav,1
train/train_2903.wav,6
train/train_2904.wav,1
train/train_2905.wav,3
train/train_2906.wav,3
train/train_2907.wav,0
train/train_2908.wav,6
train/train_2909.wav,1
train/train_2910.wav,0
train/train_2911.wav,6
train/train_2912.wav,5
train/train_2913.wav,1
train/train_2914.wav,2
train/train_2915.wav,4
train/train_2916.wav,3
train/train_2917.wav,0
train/train_2918.wav,1
train/train_2919.wav,6
train/train_2920.wav,6
train/train_2921.wav,6
train/train_2922.wav,0
train/train_2923.wav,5
train/train_2924.wav,0
train/train_2925.wav,1
train/train_2926.wav,0
train/train_2927.wav,6
train/train_2928.wav,6
train/train_2929.wav,1
train/train_2930.wav,3
train/train_2931.wav,5
train/train_2932.wav,3
train/train_2933.wav,1
train/train_2934.wav,3
train/train_2935.wav,5
train/train_2936.wav,3
train/train_2937.wav,6
train/train_2938.wav,3
train/train_2939.wav,5
train/train_2940.wav,1
train/train_2941.wav,0
train/train_2942.wav,2
train/train_2943.wav,2
train/train_2944.wav,0
train/train_2945.wav,2
train/train_2946.wav,6
train/train_2947.wav,1
train/train_2948.wav,4
train/train_2949.wav,4
train/train_2950.wav,3
train/train_2951.wav,1
train/train_2952.wav,0
train/train_2953.wav,6
train/train_2954.wav,5
train/train_2955.wav,3
train/train_2956.wav,6
train/train_2957.wav,3
train/train_2958.wav,4
train/train_2959.wav,5
train/train_2960.wav,1
train/train_2961.wav,5
train/train_2962.wav,6
train/train_2963.wav,5
train/train_2964.wav,1
train/train_2965.wav,4
train/train_2966.wav,1
train/train_2967.wav,1
train/train_2968.wav,2
train/train_2969.wav,5
train/train_2970.wav,2
train/train_2971.wav,1
train/train_2972.wav,3
train/train_2973.wav,3
train/train_2974.wav,1
train/train_2975.wav,6
train/train_2976.wav,3
train/train_2977.wav,1
train/train_2978.wav,4
train/train_2979.wav,6
train/train_2980.wav,3
train/train_2981.wav,3
train/train_2982.wav,5
train/train_2983.wav,3
train/train_2984.wav,6
train/train_2985.wav,2
train/train_2986.wav,5
train/train_2987.wav,3
train/train_2988.wav,1
train/train_2989.wav,1
train/train_2990.wav,6
train/train_2991.wav,0
train/train_2992.wav,6
train/train_2993.wav,4
train/train_2994.wav,0
train/train_2995.wav,3
train/train_2996.wav,3
train/train_2997.wav,3
train/train_2998.wav,5
train/train_2999.wav,6
train/train_3000.wav,0
train/train_3001.wav,4
train/train_3002.wav,1
train/train_3003.wav,0
train/train_3004.wav,6
train/train_3005.wav,3
train/train_3006.wav,6
train/train_3007.wav,3
train/train_3008.wav,1
train/train_3009.wav,5
train/train_3010.wav,1
train/train_3011.wav,1
train/train_3012.wav,6
train/train_3013.wav,0
train/train_3014.wav,3
train/train_3015.wav,0
train/train_3016.wav,2
train/train_3017.wav,1
train/train_3018.wav,5
train/train_3019.wav,4
train/train_3020.wav,5
train/train_3021.wav,1
train/train_3022.wav,1
train/train_3023.wav,5
train/train_3024.wav,2
train/train_3025.wav,1
train/train_3026.wav,1
train/train_3027.wav,5
train/train_3028.wav,0
train/train_3029.wav,3
train/train_3030.wav,4
train/train_3031.wav,1
train/train_3032.wav,3
train/train_3033.wav,4
train/train_3034.wav,2
train/train_3035.wav,6
train/train_3036.wav,2
train/train_3037.wav,1
train/train_3038.wav,1
train/train_3039.wav,0
train/train_3040.wav,1
train/train_3041.wav,3
train/train_3042.wav,2
train/train_3043.wav,0
train/train_3044.wav,4
train/train_3045.wav,4
train/train_3046.wav,3
train/train_3047.wav,0
train/train_3048.wav,2
train/train_3049.wav,0
train/train_3050.wav,5
train/train_3051.wav,6
train/train_3052.wav,4
train/train_3053.wav,4
train/train_3054.wav,3
train/train_3055.wav,0
train/train_3056.wav,0
train/train_3057.wav,2
train/train_3058.wav,0
train/train_3059.wav,4
train/train_3060.wav,3
train/train_3061.wav,2
train/train_3062.wav,1
train/train_3063.wav,0
train/train_3064.wav,1
train/train_3065.wav,2
train/train_3066.wav,6
train/train_3067.wav,5
train/train_3068.wav,5
train/train_3069.wav,4
train/train_3070.wav,5
train/train_3071.wav,2
train/train_3072.wav,3
train/train_3073.wav,5
train/train_3074.wav,1
train/train_3075.wav,5
train/train_3076.wav,5
train/train_3077.wav,2
train/train_3078.wav,4
train/train_3079.wav,0
train/train_3080.wav,6
train/train_3081.wav,0
train/train_3082.wav,0
train/train_3083.wav,1
train/train_3084.wav,5
train/train_3085.wav,4
train/train_3086.wav,0
train/train_3087.wav,1
train/train_3088.wav,4
train/train_3089.wav,4
train/train_3090.wav,5
train/train_3091.wav,5
train/train_3092.wav,0
train/train_3093.wav,3
train/train_3094.wav,1
train/train_3095.wav,1
train/train_3096.wav,5
train/train_3097.wav,3
train/train_3098.wav,3
train/train_3099.wav,2
train/train_3100.wav,4
train/train_3101.wav,2
train/train_3102.wav,4
train/train_3103.wav,2
train/train_3104.wav,5
train/train_3105.wav,2
train/train_3106.wav,2
train/train_3107.wav,1
train/train_3108.wav,6
train/train_3109.wav,2
train/train_3110.wav,4
train/train_3111.wav,4
train/train_3112.wav,0
train/train_3113.wav,6
train/train_3114.wav,2
train/train_3115.wav,6
train/train_3116.wav,1
train/train_3117.wav,0
train/train_3118.wav,3
train/train_3119.wav,1
train/train_3120.wav,6
train/train_3121.wav,6
train/train_3122.wav,6
train/train_3123.wav,2
train/train_3124.wav,2
train/train_3125.wav,1
train/train_3126.wav,5
train/train_3127.wav,4
train/train_3128.wav,2
train/train_3129.wav,6
train/train_3130.wav,3
train/train_3131.wav,2
train/train_3132.wav,3
train/train_3133.wav,1
train/train_3134.wav,6
train/train_3135.wav,6
train/train_3136.wav,0
train/train_3137.wav,1
train/train_3138.wav,1
train/train_3139.wav,0
train/train_3140.wav,0
train/train_3141.wav,3
train/train_3142.wav,0
train/train_3143.wav,3
train/train_3144.wav,1
train/train_3145.wav,4
train/train_3146.wav,4
train/train_3147.wav,6
train/train_3148.wav,4
train/train_3149.wav,5
train/train_3150.wav,5
train/train_3151.wav,0
train/train_3152.wav,1
train/train_3153.wav,5
train/train_3154.wav,4
train/train_3155.wav,2
train/train_3156.wav,2
train/train_3157.wav,3
train/train_3158.wav,6
train/train_3159.wav,5
train/train_3160.wav,1
train/train_3161.wav,6
train/train_3162.wav,5
train/train_3163.wav,2
train/train_3164.wav,4
train/train_3165.wav,3
train/train_3166.wav,2
train/train_3167.wav,2
train/train_3168.wav,3
train/train_3169.wav,5
train/train_3170.wav,2
train/train_3171.wav,5
train/train_3172.wav,2
train/train_3173.wav,3
train/train_3174.wav,5
train/train_3175.wav,4
train/train_3176.wav,3
train/train_3177.wav,0
train/train_3178.wav,5
train/train_3179.wav,3
train/train_3180.wav,4
train/train_3181.wav,6
train/train_3182.wav,1
train/train_3183.wav,4
train/train_3184.wav,5
train/train_3185.wav,2
train/train_3186.wav,0
train/train_3187.wav,5
train/train_3188.wav,2
train/train_3189.wav,5
train/train_3190.wav,6
train/train_3191.wav,6
train/train_3192.wav,3
train/train_3193.wav,5
train/train_3194.wav,5
train/train_3195.wav,3
train/train_3196.wav,2
train/train_3197.wav,6
train/train_3198.wav,6
train/train_3199.wav,6
train/train_3200.wav,3
train/train_3201.wav,0
train/train_3202.wav,6
train/train_3203.wav,6
train/train_3204.wav,1
train/train_3205.wav,1
train/train_3206.wav,1
train/train_3207.wav,6
train/train_3208.wav,5
train/train_3209.wav,1
train/train_3210.wav,3
train/train_3211.wav,2
train/train_3212.wav,0
train/train_3213.wav,2
train/train_3214.wav,1
train/train_3215.wav,5
train/train_3216.wav,2
train/train_3217.wav,0
train/train_3218.wav,3
train/train_3219.wav,0
train/train_3220.wav,0
train/train_3221.wav,3
train/train_3222.wav,3
train/train_3223.wav,2
train/train_3224.wav,5
train/train_3225.wav,3
train/train_3226.wav,1
train/train_3227.wav,0
train/train_3228.wav,5
train/train_3229.wav,3
train/train_3230.wav,0
train/train_3231.wav,5
train/train_3232.wav,4
train/train_3233.wav,0
train/train_3234.wav,5
train/train_3235.wav,5
train/train_3236.wav,1
train/train_3237.wav,4
train/train_3238.wav,6
train/train_3239.wav,3
train/train_3240.wav,5
train/train_3241.wav,1
train/train_3242.wav,1
train/train_3243.wav,4
train/train_3244.wav,3
train/train_3245.wav,2
train/train_3246.wav,0
train/train_3247.wav,2
train/train_3248.wav,0
train/train_3249.wav,3
train/train_3250.wav,1
train/train_3251.wav,2
train/train_3252.wav,6
train/train_3253.wav,1
train/train_3254.wav,3
train/train_3255.wav,0
train/train_3256.wav,5
train/train_3257.wav,3
train/train_3258.wav,2
train/train_3259.wav,3
train/train_3260.wav,4
train/train_3261.wav,3
train/train_3262.wav,0
train/train_3263.wav,4
train/train_3264.wav,5
train/train_3265.wav,4
train/train_3266.wav,5
train/train_3267.wav,5
train/train_3268.wav,6
train/train_3269.wav,1
train/train_3270.wav,5
train/train_3271.wav,5
train/train_3272.wav,2
train/train_3273.wav,3
train/train_3274.wav,6
train/train_3275.wav,3
train/train_3276.wav,0
train/train_3277.wav,0
train/train_3278.wav,4
train/train_3279.wav,2
train/train_3280.wav,6
train/train_3281.wav,4
train/train_3282.wav,6
train/train_3283.wav,3
train/train_3284.wav,5
train/train_3285.wav,2
train/train_3286.wav,3
train/train_3287.wav,3
train/train_3288.wav,6
train/train_3289.wav,0
train/train_3290.wav,3
train/train_3291.wav,0
train/train_3292.wav,3
train/train_3293.wav,4
train/train_3294.wav,1
train/train_3295.wav,3
train/train_3296.wav,1
train/train_3297.wav,2
train/train_3298.wav,2
train/train_3299.wav,3
train/train_3300.wav,1
train/train_3301.wav,5
train/train_3302.wav,3
train/train_3303.wav,4
train/train_3304.wav,5
train/train_3305.wav,4
train/train_3306.wav,4
train/train_3307.wav,0
train/train_3308.wav,3
train/train_3309.wav,6
train/train_3310.wav,5
train/train_3311.wav,5
train/train_3312.wav,0
train/train_3313.wav,0
train/train_3314.wav,5
train/train_3315.wav,2
train/train_3316.wav,4
train/train_3317.wav,2
train/train_3318.wav,5
train/train_3319.wav,0
train/train_3320.wav,4
train/train_3321.wav,3
train/train_3322.wav,1
train/train_3323.wav,2
train/train_3324.wav,5
train/train_3325.wav,6
train/train_3326.wav,6
train/train_3327.wav,0
train/train_3328.wav,4
train/train_3329.wav,5
train/train_3330.wav,5
train/train_3331.wav,1
train/train_3332.wav,2
train/train_3333.wav,5
train/train_3334.wav,3
train/train_3335.wav,2
train/train_3336.wav,6
train/train_3337.wav,2
train/train_3338.wav,1
train/train_3339.wav,1
train/train_3340.wav,1
train/train_3341.wav,1
train/train_3342.wav,2
train/train_3343.wav,6
train/train_3344.wav,1
train/train_3345.wav,0
train/train_3346.wav,4
train/train_3347.wav,4
train/train_3348.wav,4
train/train_3349.wav,2
train/train_3350.wav,1
train/train_3351.wav,1
train/train_3352.wav,5
train/train_3353.wav,6
train/train_3354.wav,6
train/train_3355.wav,6
train/train_3356.wav,2
train/train_3357.wav,2
train/train_3358.wav,3
train/train_3359.wav,6
train/train_3360.wav,3
train/train_3361.wav,6
train/train_3362.wav,4
train/train_3363.wav,6
train/train_3364.wav,2
train/train_3365.wav,2
train/train_3366.wav,0
train/train_3367.wav,4
train/train_3368.wav,4
train/train_3369.wav,6
train/train_3370.wav,4
train/train_3371.wav,3
train/train_3372.wav,0
train/train_3373.wav,0
train/train_3374.wav,5
train/train_3375.wav,3
train/train_3376.wav,4
train/train_3377.wav,6
train/train_3378.wav,3
train/train_3379.wav,2
train/train_3380.wav,6
train/train_3381.wav,6
train/train_3382.wav,4
train/train_3383.wav,0
train/train_3384.wav,1
train/train_3385.wav,1
train/train_3386.wav,5
train/train_3387.wav,0
train/train_3388.wav,1
train/train_3389.wav,2
train/train_3390.wav,5
train/train_3391.wav,1
train/train_3392.wav,2
train/train_3393.wav,1
train/train_3394.wav,0
train/train_3395.wav,0
train/train_3396.wav,3
train/train_3397.wav,0
train/train_3398.wav,3
train/train_3399.wav,6
train/train_3400.wav,0
train/train_3401.wav,6
train/train_3402.wav,1
train/train_3403.wav,3
train/train_3404.wav,3
train/train_3405.wav,6
train/train_3406.wav,4
train/train_3407.wav,1
train/train_3408.wav,1
train/train_3409.wav,5
train/train_3410.wav,1
train/train_3411.wav,5
train/train_3412.wav,0
train/train_3413.wav,6
train/train_3414.wav,1
train/train_3415.wav,3
train/train_3416.wav,5
train/train_3417.wav,4
train/train_3418.wav,2
train/train_3419.wav,3
train/train_3420.wav,6
train/train_3421.wav,2
train/train_3422.wav,0
train/train_3423.wav,3
train/train_3424.wav,1
train/train_3425.wav,6
train/train_3426.wav,5
train/train_3427.wav,6
train/train_3428.wav,6
train/train_3429.wav,6
train/train_3430.wav,3
train/train_3431.wav,2
train/train_3432.wav,4
train/train_3433.wav,4
train/train_3434.wav,4
train/train_3435.wav,1
train/train_3436.wav,5
train/train_3437.wav,2
train/train_3438.wav,6
train/train_3439.wav,5
train/train_3440.wav,5
train/train_3441.wav,6
train/train_3442.wav,3
train/train_3443.wav,0
train/train_3444.wav,2
train/train_3445.wav,3
train/train_3446.wav,4
train/train_3447.wav,0
train/train_3448.wav,5
train/train_3449.wav,2
train/train_3450.wav,2
train/train_3451.wav,6
train/train_3452.wav,4
train/train_3453.wav,6
train/train_3454.wav,2
train/train_3455.wav,4
train/train_3456.wav,1
train/train_3457.wav,1
train/train_3458.wav,2
train/train_3459.wav,1
train/train_3460.wav,5
train/train_3461.wav,1
train/train_3462.wav,4
train/train_3463.wav,3
train/train_3464.wav,1
train/train_3465.wav,1
train/train_3466.wav,2
train/train_3467.wav,4
train/train_3468.wav,1
train/train_3469.wav,4
train/train_3470.wav,1
train/train_3471.wav,1
train/train_3472.wav,5
train/train_3473.wav,0
train/train_3474.wav,2
train/train_3475.wav,5
train/train_3476.wav,5
train/train_3477.wav,6
train/train_3478.wav,3
train/train_3479.wav,5
train/train_3480.wav,3
train/train_3481.wav,6
train/train_3482.wav,5
train/train_3483.wav,1
train/train_3484.wav,1
train/train_3485.wav,3
train/train_3486.wav,5
train/train_3487.wav,0
train/train_3488.wav,2
train/train_3489.wav,0
train/train_3490.wav,6
train/train_3491.wav,6
train/train_3492.wav,5
train/train_3493.wav,4
train/train_3494.wav,6
train/train_3495.wav,1
train/train_3496.wav,2
train/train_3497.wav,2
train/train_3498.wav,1
train/train_3499.wav,0
train/train_3500.wav,2
train/train_3501.wav,6
train/train_3502.wav,0
train/train_3503.wav,2
train/train_3504.wav,0
train/train_3505.wav,6
train/train_3506.wav,6
train/train_3507.wav,1
train/train_3508.wav,4
train/train_3509.wav,0
train/train_3510.wav,5
train/train_3511.wav,5
train/train_3512.wav,3
train/train_3513.wav,0
train/train_3514.wav,1
train/train_3515.wav,3
train/train_3516.wav,4
train/train_3517.wav,6
train/train_3518.wav,5
train/train_3519.wav,6
train/train_3520.wav,1
train/train_3521.wav,3
train/train_3522.wav,1
train/train_3523.wav,6
train/train_3524.wav,6
train/train_3525.wav,1
train/train_3526.wav,5
train/train_3527.wav,1
train/train_3528.wav,2
train/train_3529.wav,6
train/train_3530.wav,1
train/train_3531.wav,4
train/train_3532.wav,2
train/train_3533.wav,4
train/train_3534.wav,5
train/train_3535.wav,3
train/train_3536.wav,5
train/train_3537.wav,3
train/train_3538.wav,6
train/train_3539.wav,5
train/train_3540.wav,4
train/train_3541.wav,0
train/train_3542.wav,3
train/train_3543.wav,1
train/train_3544.wav,3
train/train_3545.wav,6
train/train_3546.wav,4
train/train_3547.wav,2
train/train_3548.wav,3
train/train_3549.wav,3
train/train_3550.wav,3
train/train_3551.wav,5
train/train_3552.wav,3
train/train_3553.wav,1
train/train_3554.wav,2
train/train_3555.wav,6
train/train_3556.wav,4
train/train_3557.wav,5
train/train_3558.wav,1
train/train_3559.wav,3
train/train_3560.wav,1
train/train_3561.wav,3
train/train_3562.wav,5
train/train_3563.wav,4
train/train_3564.wav,5
train/train_3565.wav,2
train/train_3566.wav,5
train/train_3567.wav,1
train/train_3568.wav,4
train/train_3569.wav,6
train/train_3570.wav,5
train/train_3571.wav,0
train/train_3572.wav,0
train/train_3573.wav,2
train/train_3574.wav,3
train/train_3575.wav,0
train/train_3576.wav,4
train/train_3577.wav,0
train/train_3578.wav,4
train/train_3579.wav,6
train/train_3580.wav,1
train/train_3581.wav,2
train/train_3582.wav,0
train/train_3583.wav,6
train/train_3584.wav,6
train/train_3585.wav,2
train/train_3586.wav,4
train/train_3587.wav,3
train/train_3588.wav,6
train/train_3589.wav,1
train/train_3590.wav,6
train/train_3591.wav,0
train/train_3592.wav,1
train/train_3593.wav,4
train/train_3594.wav,6
train/train_3595.wav,0
train/train_3596.wav,5
train/train_3597.wav,6
train/train_3598.wav,4
train/train_3599.wav,2
train/train_3600.wav,0
train/train_3601.wav,3
train/train_3602.wav,3
train/train_3603.wav,1
train/train_3604.wav,0
train/train_3605.wav,5
train/train_3606.wav,4
train/train_3607.wav,1
train/train_3608.wav,5
train/train_3609.wav,3
train/train_3610.wav,5
train/train_3611.wav,4
train/train_3612.wav,6
train/train_3613.wav,0
train/train_3614.wav,3
train/train_3615.wav,5
train/train_3616.wav,0
train/train_3617.wav,2
train/train_3618.wav,4
train/train_3619.wav,5
train/train_3620.wav,4
train/train_3621.wav,2
train/train_3622.wav,5
train/train_3623.wav,1
train/train_3624.wav,0
train/train_3625.wav,3
train/train_3626.wav,6
train/train_3627.wav,3
train/train_3628.wav,5
train/train_3629.wav,3
train/train_3630.wav,1
train/train_3631.wav,2
train/train_3632.wav,4
train/train_3633.wav,6
train/train_3634.wav,6
train/train_3635.wav,3
train/train_3636.wav,0
train/train_3637.wav,0
train/train_3638.wav,0
train/train_3639.wav,0
train/train_3640.wav,6
train/train_3641.wav,3
train/train_3642.wav,0
train/train_3643.wav,4
train/train_3644.wav,2
train/train_3645.wav,5
train/train_3646.wav,1
train/train_3647.wav,3
train/train_3648.wav,6
train/train_3649.wav,5
train/train_3650.wav,2
